,stripped I-L,Peptide,Area,A,C,D,E,F,G,H,I,K,L,M,N,P,Q,R,S,T,V,W,Y,c-carb,m-oxid,n-deam,q-deam,k-hydr,r-meth,stripped length,NAAF num.,stripped I-L,phylum
2,LTGVLYGR,LTGVLYGR,11200000.0,0,0,0,0,0,2,0,0,0,2,0,0,0,0,1,0,1,1,0,1,0,0,0,0,0,0,8,1400000.0,LTGVLYGR,Firmicutes
4,FYEALLEAK,FYEALLEAK,4190000.0,2,0,0,2,1,0,0,0,1,2,0,0,0,0,0,0,0,0,0,1,0,0,0,0,0,0,9,465555.5555555556,FYEALLEAK,Acidobacteria
13,QQLAASPR,QQLAASPR,3990000.0,2,0,0,0,0,0,0,0,0,1,0,0,1,2,1,1,0,0,0,0,0,0,0,0,0,0,8,498750.0,QQLAASPR,Chlorophyta
37,TSGEAFR,TSGEAFR,1760000.0,1,0,0,1,1,1,0,0,0,0,0,0,0,0,1,1,1,0,0,0,0,0,0,0,0,0,7,251428.57142857145,LTGNLYGR,Proteobacteria
41,LNLNNASVR,LN(+.98)LNNASVR,13500000.0,1,0,0,0,0,0,0,0,0,2,0,3,0,0,1,1,0,1,0,0,0,0,1,0,0,0,9,1500000.0,LATVLSPR,Proteobacteria
46,LTGTLYGR,LTGTLYGR,1370000.0,0,0,0,0,0,2,0,0,0,2,0,0,0,0,1,0,2,0,0,1,0,0,0,0,0,0,8,171250.0,LSSLLYDETR,Ciliophora
53,YGPTALK,YGPTALK,2150000.0,1,0,0,0,0,1,0,0,1,1,0,0,1,0,0,0,1,0,0,1,0,0,0,0,0,0,7,307142.85714285716,YLGSTGGLLNSAETEEK,Cyanobacteria
64,TGLPFLK,TGLPFLK,41400.0,0,0,0,0,1,1,0,0,1,2,0,0,1,0,0,0,1,0,0,0,0,0,0,0,0,0,7,5914.285714285716,AGPFGQLFR,Ascomycota
65,SVFDKYK,SVFDKYK,5940000.0,0,0,1,0,1,0,0,0,2,0,0,0,0,0,0,1,0,1,0,1,0,0,0,0,0,0,7,848571.4285714284,AYTALLDLK,Cyanobacteria
70,LYDLFEK,LYDLFEK,228000.0,0,0,1,1,1,0,0,0,1,2,0,0,0,0,0,0,0,0,0,1,0,0,0,0,0,0,7,32571.42857142857,TGGAFVEK,Proteobacteria
73,QAGDDQVNAGSGDDLVR,QAGDDQ(+.98)VNAGSGDDLVR,7400000.0,2,0,4,0,0,3,0,0,0,1,0,1,0,2,1,1,0,2,0,0,0,0,0,1,0,0,17,435294.11764705885,WSVLQDR,Proteobacteria
75,LSVDYGK,LSVDYGK,1050000.0,0,0,1,0,0,1,0,0,1,1,0,0,0,0,0,1,0,1,0,1,0,0,0,0,0,0,7,150000.0,ANAALETLLK,Actinobacteria
96,TNLPFEK,TNLPFEK,1050000.0,0,0,0,1,1,0,0,0,1,1,0,1,1,0,0,0,1,0,0,0,0,0,0,0,0,0,7,150000.0,QQAQDEVER,Planctomycetes
128,VNLWQWK,VNLWQWK,4600000.0,0,0,0,0,0,0,0,0,1,1,0,1,0,1,0,0,0,1,2,0,0,0,0,0,0,0,7,657142.8571428572,NPQYYLLR,Bacteroidetes
158,TEFQDLMLK,TEFQDLMLK,1140000.0,0,0,1,1,1,0,0,0,1,2,1,0,0,1,0,0,1,0,0,0,0,0,0,0,0,0,9,126666.66666666669,RPTGEQK,Basidiomycota
165,LETLLNWVWK,LETLLN(+.98)WVWK,606000.0,0,0,0,1,0,0,0,0,1,3,0,1,0,0,0,0,1,1,2,0,0,0,1,0,0,0,10,60600.0,WLSLWNK,Ascomycota
173,TALLDLK,TALLDLK,969000.0,1,0,1,0,0,0,0,0,1,3,0,0,0,0,0,0,1,0,0,0,0,0,0,0,0,0,7,138428.57142857142,FAESEELR,Mollusca
177,ADFTLAAK,ADFTLAAK,3400000.0,3,0,1,0,1,0,0,0,1,1,0,0,0,0,0,0,1,0,0,0,0,0,0,0,0,0,8,425000.0,TLEEAQVR,Nitrospinae
183,VTNLAEVLAR,VTN(+.98)AQ(+.98)LAEVLAR,162000000.0,3,0,0,1,0,0,0,0,0,2,0,1,0,1,1,0,1,2,0,0,0,0,1,1,0,0,10,16200000.0,APVLSAEK,Actinobacteria
186,ALNLLHEAASAER,ALN(+.98)LLHEAASAER,4630000.0,4,0,0,2,0,0,1,0,0,3,0,1,0,0,1,1,0,0,0,0,0,0,1,0,0,0,13,356153.84615384607,LLLPDALAK,Firmicutes
192,LAEEVNK,LAEEVNK,2200000.0,1,0,0,2,0,0,0,0,1,1,0,1,0,0,0,0,0,1,0,0,0,0,0,0,0,0,7,314285.71428571426,APVYDEVR,Proteobacteria
193,FAESEELR,FAESEELR,2120000.0,1,0,0,3,1,0,0,0,0,1,0,0,0,0,1,1,0,0,0,0,0,0,0,0,0,0,8,265000.0,EPTVLDEVR,Streptophyta
222,EENLK,EEN(+.98)LLR(+14.02)LK,140000.0,0,0,0,2,0,0,0,0,1,3,0,1,0,0,1,0,0,0,0,0,0,0,1,0,0,1,5,28000.0,LLLPWLAK,Actinobacteria
225,EVPFVFASK,EVPFVFASK,758000.0,1,0,0,1,2,0,0,0,1,0,0,0,1,0,0,1,0,2,0,0,0,0,0,0,0,0,9,84222.22222222223,AAVEQLFDVR,Cyanobacteria
239,WYLGRLK,WYLGR(+14.02)LK,1650000.0,0,0,0,0,0,1,0,0,1,2,0,0,0,0,1,0,0,0,1,1,0,0,0,0,0,1,7,235714.2857142857,SYVAAGNK,Cyanobacteria
245,NNRLLGK,NNR(+14.02)LLGK,4080000.0,0,0,0,0,0,1,0,0,1,2,0,2,0,0,1,0,0,0,0,0,0,0,0,0,0,1,7,582857.1428571428,LASGYDALAQR,Cyanobacteria
285,LDDFER,LDDFER,95800.0,0,0,2,1,1,0,0,0,0,1,0,0,0,0,1,0,0,0,0,0,0,0,0,0,0,0,6,15966.666666666664,TANEETAK,Proteobacteria
287,TNEALLEK,TNEALLEK,5540000.0,1,0,0,2,0,0,0,0,1,2,0,1,0,0,0,0,1,0,0,0,0,0,0,0,0,0,8,692500.0,LLSQAFGLLNER,Cyanobacteria
304,WSDPATLTPK,WSDPATLTPK,1460000.0,1,0,1,0,0,0,0,0,1,1,0,0,2,0,0,1,2,0,1,0,0,0,0,0,0,0,10,146000.0,AAQLLHHR,Actinobacteria
310,QFQLYR,QFQLYR,160000.0,0,0,0,0,1,0,0,0,0,1,0,0,0,2,1,0,0,0,0,1,0,0,0,0,0,0,6,26666.66666666667,LLDWVWK,Bacteroidetes
335,AVASGSVSAEK,AVASGSVSAEK,3810000.0,3,0,0,1,0,1,0,0,1,0,0,0,0,0,0,3,0,2,0,0,0,0,0,0,0,0,11,346363.63636363635,LTEVEVDEK,Candidatus Poribacteria
345,LNVYYNEATNR,LNVYYNEATNR,8180000.0,1,0,0,1,0,0,0,0,0,1,0,3,0,0,1,0,1,1,0,2,0,0,0,0,0,0,11,743636.3636363636,GYLLTAPK,Arthropoda
350,VATVSLPR,VATVSLPR,,1,0,0,0,0,0,0,0,0,1,0,0,1,0,1,1,1,2,0,0,0,0,0,0,0,0,8,,ASVLDASNK,Streptophyta
353,LVPGFQAPVNLVYSAEVR,LVPGFQ(+.98)APVNLVYSAEVR,3040000.0,2,0,0,1,1,1,0,0,0,2,0,1,2,1,1,1,0,4,0,1,0,0,0,1,0,0,18,168888.88888888888,VVTVVTPR,Firmicutes
356,CPTDFLLSR,C(+57.02)ETAC(+57.02)PTDFLLSR,7510000.0,1,2,1,1,1,0,0,0,0,2,0,0,1,0,1,1,2,0,0,0,2,0,0,0,0,0,9,834444.4444444445,GPNEFELK,Proteobacteria
366,QGTAALSTSK,QGTAALSTSK,1270000.0,2,0,0,0,0,1,0,0,1,1,0,0,0,1,0,2,2,0,0,0,0,0,0,0,0,0,10,127000.0,DLEPTVLDEVR,Ciliophora
368,ALETLLK,ALETLLK,165000.0,1,0,0,1,0,0,0,0,1,3,0,0,0,0,0,0,1,0,0,0,0,0,0,0,0,0,7,23571.42857142857,GFGSFEPR,Cyanobacteria
372,QTDNSVVRR,QTDNSVVRR,346000.0,0,0,1,0,0,0,0,0,0,0,0,1,0,1,2,1,1,2,0,0,0,0,0,0,0,0,9,38444.444444444445,ESATNWTR,Verrucomicrobia
399,ELAQDFK,ELAQDFK,284000.0,1,0,1,1,1,0,0,0,1,1,0,0,0,1,0,0,0,0,0,0,0,0,0,0,0,0,7,40571.42857142857,TPDFLLSR,Proteobacteria
418,FLYDLFEK,FLYDLFEK,125000.0,0,0,1,1,2,0,0,0,1,2,0,0,0,0,0,0,0,0,0,1,0,0,0,0,0,0,8,15625.0,YSQSSPAR,Ascomycota
426,DLEPTVLDEVR,DLEPTVLDEVR,971000.0,0,0,2,2,0,0,0,0,0,2,0,0,1,0,1,0,1,2,0,0,0,0,0,0,0,0,11,88272.72727272726,ALQSDSALK,Ascomycota
440,RSYEPVAFEK,R(+14.02)SYEPVAFEK,4960000.0,1,0,0,2,1,0,0,0,1,0,0,0,1,0,1,1,0,1,0,1,0,0,0,0,0,1,10,496000.0,LLLENVLEK,Firmicutes
442,ADYWVPVR,ADYWVPVR,483000.0,1,0,1,0,0,0,0,0,0,0,0,0,1,0,1,0,0,2,1,1,0,0,0,0,0,0,8,60375.0,FTDALLDR,Actinobacteria
462,TPDFLLSR,TPDFLLSR,1150000.0,0,0,1,0,1,0,0,0,0,2,0,0,1,0,1,1,1,0,0,0,0,0,0,0,0,0,8,143750.0,LYPTNGR,Proteobacteria
466,TVRDLNLK,TVR(+14.02)DLNLK,744000.0,0,0,1,0,0,0,0,0,1,2,0,1,0,0,1,0,1,1,0,0,0,0,0,0,0,1,8,93000.0,TANNSVVR,Bacteroidetes
476,WFEVLSDTYMR,WFEVLSDTYMR,388000.0,0,0,1,1,1,0,0,0,0,1,1,0,0,0,1,1,1,1,1,1,0,0,0,0,0,0,11,35272.72727272727,VGNEVSLR,Actinobacteria
514,KFTDALLDR,K(+15.99)VN(+.98)FTDALLDR,1510000.0,1,0,2,0,1,0,0,0,1,2,0,1,0,0,1,0,1,1,0,0,0,0,1,0,1,0,9,167777.77777777778,ALVNNLPLYR,Cyanobacteria
536,LAGNYDK,LAGNYDK,15000000.0,1,0,1,0,0,1,0,0,1,1,0,1,0,0,0,0,0,0,0,1,0,0,0,0,0,0,7,2142857.1428571427,QQLASSPR,Platyhelminthes
549,WFNDSK,WFNDSK,939000.0,0,0,1,0,1,0,0,0,1,0,0,1,0,0,0,1,0,0,1,0,0,0,0,0,0,0,6,156500.0,APTLNNK,Proteobacteria
584,LAFYNYVGNSAPK,LAFYN(+.98)YVGNSAPK,990000.0,2,0,0,0,1,1,0,0,1,1,0,2,1,0,0,1,0,1,0,2,0,0,1,0,0,0,13,76153.84615384616,LYTYSTEK,Firmicutes
587,EPMSEDTLEELKER,EPMSEDTLEELKER,45200.0,0,0,1,5,0,0,0,0,1,2,1,0,1,0,1,1,1,0,0,0,0,0,0,0,0,0,14,3228.5714285714284,WVSCVVK,Platyhelminthes
589,FATDLFGR,FATDLFGR,54600.0,1,0,1,0,2,1,0,0,0,1,0,0,0,0,1,0,1,0,0,0,0,0,0,0,0,0,8,6825.0,APVVQSR,Planctomycetes
598,AAGFDFSYNDVK,AAGFDFSYN(+.98)DVK,706000.0,2,0,2,0,2,1,0,0,1,0,0,1,0,0,0,1,0,1,0,1,0,0,1,0,0,0,12,58833.33333333334,LLLANAEGK,Nitrospinae
607,YLPLAFWK,YLPLAFWK,288000.0,1,0,0,0,1,0,0,0,1,2,0,0,1,0,0,0,0,0,1,1,0,0,0,0,0,0,8,36000.0,NQLLADLTK,Arthropoda
612,FGNK,FGN(+.98)VEAFR(+14.02)K,55300.0,1,0,0,1,2,1,0,0,1,0,0,1,0,0,1,0,0,1,0,0,0,0,1,0,0,1,4,13825.0,VEYEETEGR,Bacteroidetes
617,LEDALNATK,LEDALNATK,1270000.0,2,0,1,1,0,0,0,0,1,2,0,1,0,0,0,0,1,0,0,0,0,0,0,0,0,0,9,141111.11111111112,QVYVYNK,Bacteroidetes
618,EPVLLVK,EPVLLVK,246000.0,0,0,0,1,0,0,0,0,1,2,0,0,1,0,0,0,0,2,0,0,0,0,0,0,0,0,7,35142.857142857145,AAALQFTR,Ascomycota
629,ESQ,ESQ(+.98)LEGR(+14.02),1030000.0,0,0,0,2,0,1,0,0,0,1,0,0,0,1,1,1,0,0,0,0,0,0,0,1,0,1,3,343333.33333333326,YTELNQLNTK,Proteobacteria
631,QNKTAVR,QNKTAVR,2540000.0,1,0,0,0,0,0,0,0,1,0,0,1,0,1,1,0,1,1,0,0,0,0,0,0,0,0,7,362857.1428571429,ALGLYYDK,Proteobacteria
636,NNVNLVRK,NNVNLVR(+14.02)K,2930000.0,0,0,0,0,0,0,0,0,1,1,0,3,0,0,1,0,0,2,0,0,0,0,0,0,0,1,8,366250.0,AVTTKPER,Proteobacteria
638,DMAAAGTECAAATK,DMAAAGTEC(+57.02)NLSGK(+15.99)AAATK,1860000.0,6,1,1,1,0,2,0,0,2,1,1,1,0,0,0,1,2,0,0,0,1,0,0,0,1,0,14,132857.14285714287,VLAFVLAK,Proteobacteria
660,GFELYK,GFELYK,97700.0,0,0,0,1,1,1,0,0,1,1,0,0,0,0,0,0,0,0,0,1,0,0,0,0,0,0,6,16283.333333333336,SFLDTWSK,Basidiomycota
680,VAAYDQR,VAAYDQR,70400.0,2,0,1,0,0,0,0,0,0,0,0,0,0,1,1,0,0,1,0,1,0,0,0,0,0,0,7,10057.142857142857,SQDTLLDK,Cnidaria
700,QLTMGNMGAR,QLTM(+15.99)GNMGAR,3430000.0,1,0,0,0,0,2,0,0,0,1,2,1,0,1,1,0,1,0,0,0,0,1,0,0,0,0,10,343000.0,QDGVFNWK,Euryarchaeota
742,VLAFVLAK,VLAFVLAK,148000.0,2,0,0,0,1,0,0,0,1,2,0,0,0,0,0,0,0,2,0,0,0,0,0,0,0,0,8,18500.0,QHALLDLK,Bacteroidetes
743,ECLESVQGKLSR,EC(+57.02)LESVQGKLSR,577000.0,0,1,0,2,0,1,0,0,1,2,0,0,0,1,1,2,0,1,0,0,1,0,0,0,0,0,12,48083.33333333334,LVGQNEAVNAVSNALR,Proteobacteria
744,ALSVVTNVASLR,ALSVVTNVASLR,406000.0,2,0,0,0,0,0,0,0,0,2,0,1,0,0,1,2,1,3,0,0,0,0,0,0,0,0,12,33833.333333333336,EAALTVEEAK,Proteobacteria
749,LGANLQR,LGANLQR,390000.0,1,0,0,0,0,1,0,0,0,2,0,1,0,1,1,0,0,0,0,0,0,0,0,0,0,0,7,55714.285714285725,LLLANPEGK,Nitrospinae
756,QQNNVVNAGSGDDLVR,QQNN(+.98)VVNAGSGDDLVR,942000.0,1,0,2,0,0,2,0,0,0,1,0,3,0,2,1,1,0,3,0,0,0,0,1,0,0,0,16,58875.0,MVLLLHAK,Ascomycota
778,NAASEWLK,NAASEWLK,328000.0,2,0,0,1,0,0,0,0,1,1,0,1,0,0,0,1,0,0,1,0,0,0,0,0,0,0,8,41000.0,TFNLANLR,Ascomycota
783,MKDK,M(+15.99)LDAM(+15.99)KDK,376000.0,1,0,2,0,0,0,0,0,2,1,2,0,0,0,0,0,0,0,0,0,0,2,0,0,0,0,4,94000.0,TLATSVMK,Ascomycota
812,LNGAQFEK,LN(+.98)GAQFEK,493000.0,1,0,0,1,1,1,0,0,1,1,0,1,0,1,0,0,0,0,0,0,0,0,1,0,0,0,8,61625.0,SYFPYWK,Cyanobacteria
843,LTNAAVAWR,LTNAAVAWR,2460000.0,3,0,0,0,0,0,0,0,0,1,0,1,0,0,1,0,1,1,1,0,0,0,0,0,0,0,9,273333.33333333326,NPQAALEK,Firmicutes
860,LVGQNEAVNAVSNALR,LVGQNEAVN(+.98)AVSNALR,137000000.0,3,0,0,1,0,1,0,0,0,2,0,3,0,1,1,1,0,3,0,0,0,0,1,0,0,0,16,8562500.0,TQDPVLTR,Actinobacteria
877,WTMGGYSHK,WTM(+15.99)GGYSHK,489000.0,0,0,0,0,0,2,1,0,1,0,1,0,0,0,0,1,1,0,1,1,0,1,0,0,0,0,9,54333.33333333334,VATVPSLR,Ascomycota
890,FADVVGTNK,FADVVGTNK,985000.0,1,0,1,0,1,1,0,0,1,0,0,1,0,0,0,0,1,2,0,0,0,0,0,0,0,0,9,109444.44444444444,VSVEATNK,Thermotogae
897,NPGGVYWGK,NPGGVYWGK,671000.0,0,0,0,0,0,3,0,0,1,0,0,1,1,0,0,0,0,1,1,1,0,0,0,0,0,0,9,74555.55555555556,NALAAPSR,Proteobacteria
933,APLDRYDLK,APLDRYDLK,590000.0,1,0,2,0,0,0,0,0,1,2,0,0,1,0,1,0,0,0,0,1,0,0,0,0,0,0,9,65555.55555555556,LLNAFHMK,Firmicutes
959,LLYVRHK,LLYVRHK,1210000.0,0,0,0,0,0,0,1,0,1,2,0,0,0,0,1,0,0,1,0,1,0,0,0,0,0,0,7,172857.14285714287,APSMVSR,Proteobacteria
975,QSTLLAGK,QSTLLAGK,17600.0,1,0,0,0,0,1,0,0,1,2,0,0,0,1,0,1,1,0,0,0,0,0,0,0,0,0,8,2200.0,TNSVWAK,Ascomycota
988,TPEVFVK,TPEVFVK,1450000.0,0,0,0,1,1,0,0,0,1,0,0,0,1,0,0,0,1,2,0,0,0,0,0,0,0,0,7,207142.85714285716,VVTVNPLK,Proteobacteria
994,ELFSTAAWK,ELFSTAAWK,50100.0,2,0,0,1,1,0,0,0,1,1,0,0,0,0,0,1,1,0,1,0,0,0,0,0,0,0,9,5566.666666666668,ASNVAAFK,Proteobacteria
1019,LLLDCFK,LLLDC(+57.02)FK,80000.0,0,1,1,0,1,0,0,0,1,3,0,0,0,0,0,0,0,0,0,0,1,0,0,0,0,0,7,11428.571428571431,EVSMTAK,Bacteroidetes
1046,LGLSNPELK,LGLSNPELK,1070000.0,0,0,0,1,0,1,0,0,1,3,0,1,1,0,0,1,0,0,0,0,0,0,0,0,0,0,9,118888.88888888886,AYLDTPHK,Proteobacteria
1116,LNELER,LNELER,231000.0,0,0,0,2,0,0,0,0,0,2,0,1,0,0,1,0,0,0,0,0,0,0,0,0,0,0,6,38500.0,DLNDGQYR,Proteobacteria
1121,WGVSSER,WGVSSER,336000.0,0,0,0,1,0,1,0,0,0,0,0,0,0,0,1,2,0,1,1,0,0,0,0,0,0,0,7,48000.0,TALAGCPR,Streptophyta
1136,RFSQTNESPR,R(+14.02)FSQTNESPR,714000.0,0,0,0,1,1,0,0,0,0,0,0,1,1,1,2,2,1,0,0,0,0,0,0,0,0,1,10,71400.0,LTASLMVK,Actinobacteria
1138,WNAGPVSK,WNAGPVSK,112000.0,1,0,0,0,0,1,0,0,1,0,0,1,1,0,0,1,0,1,1,0,0,0,0,0,0,0,8,14000.0,LNLYVHK,Bacteroidetes
1161,TENVLVRK,TENVLVR(+14.02)C(+57.02)K,1260000.0,0,1,0,1,0,0,0,0,1,1,0,1,0,0,1,0,1,2,0,0,1,0,0,0,0,1,8,157500.0,MPTLLMSR,Candidatus Rokubacteria
1185,LGGALEAR,LGGALEAR,839000.0,2,0,0,1,0,2,0,0,0,2,0,0,0,0,1,0,0,0,0,0,0,0,0,0,0,0,8,104875.0,ADASLTFR,Proteobacteria
1219,TGQVTGFFDK,TGQ(+.98)VTGFFDK,279000.0,0,0,1,0,2,2,0,0,1,0,0,0,0,1,0,0,2,1,0,0,0,0,0,1,0,0,10,27900.0,MGALTQK,Proteobacteria
1229,SNDWK,SN(+.98)R(+14.02)DWK,8740.0,0,0,1,0,0,0,0,0,1,0,0,1,0,0,1,1,0,0,1,0,0,0,1,0,0,1,5,1748.0,ALQEAFQLR,Cyanobacteria
1235,QSGPLDELALNANR,QSGPLDELALNANR,1150000.0,2,0,1,1,0,1,0,0,0,3,0,2,1,1,1,1,0,0,0,0,0,0,0,0,0,0,14,82142.85714285714,EELMMVK,Planctomycetes
1270,QSQDDVLDK,QSQDDVLDK,,0,0,3,0,0,0,0,0,1,1,0,0,0,2,0,1,0,1,0,0,0,0,0,0,0,0,9,,TLALLNFR,Proteobacteria
1275,YDGLLDR,YDGLLDR,212000.0,0,0,2,0,0,1,0,0,0,2,0,0,0,0,1,0,0,0,0,1,0,0,0,0,0,0,7,30285.714285714286,TAEMPEK,Proteobacteria
1292,FMLFNK,FM(+15.99)LFNK,1240000.0,0,0,0,0,2,0,0,0,1,1,1,1,0,0,0,0,0,0,0,0,0,1,0,0,0,0,6,206666.66666666663,TGTLLFDR,Actinobacteria
1294,MGNLGTQLK,M(+15.99)GNLGTQLK,1030000.0,0,0,0,0,0,2,0,0,1,2,1,1,0,1,0,0,1,0,0,0,0,1,0,0,0,0,9,114444.44444444445,LENLSLSDLR,Proteobacteria
1333,FNELASK,FNELASK,1340000.0,1,0,0,1,1,0,0,0,1,1,0,1,0,0,0,1,0,0,0,0,0,0,0,0,0,0,7,191428.57142857145,NNFVQFR,Proteobacteria
1346,KMMVAALLVNNK,KMMVAALLVNNK,75700.0,2,0,0,0,0,0,0,0,2,2,2,2,0,0,0,0,0,2,0,0,0,0,0,0,0,0,12,6308.333333333332,NGTVSLPR,Proteobacteria
1347,KMVMPK,KM(+15.99)VMPK,23100.0,0,0,0,0,0,0,0,0,2,0,2,0,1,0,0,0,0,1,0,0,0,1,0,0,0,0,6,3850.0,LADLLDEAAR,Proteobacteria
1350,KVSNDDWPK,KVSN(+.98)DDWPK,173000.0,0,0,2,0,0,0,0,0,2,0,0,1,1,0,0,1,0,1,1,0,0,0,1,0,0,0,9,19222.222222222223,QELAASPR,Proteobacteria
1354,KMVQNAAVNDK,KM(+15.99)VQNAAVNDK,432000.0,2,0,1,0,0,0,0,0,2,0,1,2,0,1,0,0,0,2,0,0,0,1,0,0,0,0,11,39272.72727272727,DVALWTAK,Ascomycota
1369,GNFGGQGTGDNESKR,GNFGGQGTGDNESKR,,0,0,1,1,1,5,0,0,1,0,0,2,0,1,1,1,1,0,0,0,0,0,0,0,0,0,15,,TLLDSVVEGK,Ascomycota
1378,DPTGGTGPLNELALNQGR,DPTGGTGPLN(+.98)ELALNQGR,89400.0,1,0,1,1,0,4,0,0,0,3,0,2,2,1,1,0,2,0,0,0,0,0,1,0,0,0,18,4966.666666666667,GLDEAAMR,Actinobacteria
1391,ARLETNFK,AR(+14.02)LETNFK,178000.0,1,0,0,1,1,0,0,0,1,1,0,1,0,0,1,0,1,0,0,0,0,0,0,0,0,1,8,22250.0,GFQGSNR,Bacteroidetes
1399,SAAVLRPLTGPSPK,SAAVLRPLTGPSPK,2720000.0,2,0,0,0,0,1,0,0,1,2,0,0,3,0,1,2,1,1,0,0,0,0,0,0,0,0,14,194285.7142857143,VLYVHQR,Rhodophyta
1400,TTPYKDMNK,TTPYKDM(+15.99)NK,208000.0,0,0,1,0,0,0,0,0,2,0,1,1,1,0,0,0,2,0,0,1,0,1,0,0,0,0,9,23111.11111111111,LWLQGFK,Proteobacteria
1417,LGEAWMPK,LGEAWMPK,1130000.0,1,0,0,1,0,1,0,0,1,1,1,0,1,0,0,0,0,0,1,0,0,0,0,0,0,0,8,141250.0,SGTDVVAR,Actinobacteria
1443,ELLNDASQK,ELLNDASQK,22800.0,1,0,1,1,0,0,0,0,1,2,0,1,0,1,0,1,0,0,0,0,0,0,0,0,0,0,9,2533.333333333333,SLVASWGK,Firmicutes
1451,FLGGAELASLK,FLGGAELASLK,395000.0,2,0,0,1,1,2,0,0,1,3,0,0,0,0,0,1,0,0,0,0,0,0,0,0,0,0,11,35909.09090909091,DLTLLDYYR,Actinobacteria
1457,QSGPLDELALNNAR,QSGPLDELALNNAR,1150000.0,2,0,1,1,0,1,0,0,0,3,0,2,1,1,1,1,0,0,0,0,0,0,0,0,0,0,14,82142.85714285714,NATLFDDK,Proteobacteria
1480,NWRGLK,NWRGLK,15700.0,0,0,0,0,0,1,0,0,1,1,0,1,0,0,1,0,0,0,1,0,0,0,0,0,0,0,6,2616.6666666666665,LAEEPVVK,Candidatus Harrisonbacteria
1486,AAVSLSVSTVQTAPLR,AAVSLSVSTVQTAPLR,2880000.0,3,0,0,0,0,0,0,0,0,2,0,0,1,1,1,3,2,3,0,0,0,0,0,0,0,0,16,180000.0,LVPAAGQK,Streptophyta
1489,TGTLLFDR,TGTLLFDR,51000.0,0,0,1,0,1,1,0,0,0,2,0,0,0,0,1,0,2,0,0,0,0,0,0,0,0,0,8,6375.0,VSVEVNGK,Bacteroidetes
1490,LEVDFER,LEVDFER,201000.0,0,0,1,2,1,0,0,0,0,1,0,0,0,0,1,0,0,1,0,0,0,0,0,0,0,0,7,28714.285714285717,SNQPLVNEK,Cyanobacteria
1495,ALPTLQPR,ALPTLQPR,2560000.0,1,0,0,0,0,0,0,0,0,2,0,0,2,1,1,0,1,0,0,0,0,0,0,0,0,0,8,320000.0,SNQLVGGK,Nematoda
1529,NNFVQFR,NNFVQFR,386000.0,0,0,0,0,2,0,0,0,0,0,0,2,0,1,1,0,0,1,0,0,0,0,0,0,0,0,7,55142.857142857145,NVQATAR,Firmicutes
1543,RGAGGNPSLNAK,R(+14.02)GAGGNPSLNAK,686000.0,2,0,0,0,0,3,0,0,1,1,0,2,1,0,1,1,0,0,0,0,0,0,0,0,0,1,12,57166.66666666666,NPNELLQK,Chloroflexi
1553,NEERYVPK,NEER(+14.02)YVPK,28600.0,0,0,0,2,0,0,0,0,1,0,0,1,1,0,1,0,0,1,0,1,0,0,0,0,0,1,8,3575.0,SVNFNGHK,Ascomycota
1560,EDLNQVVK,EDLNQVVK,1550000.0,0,0,1,1,0,0,0,0,1,1,0,1,0,1,0,0,0,2,0,0,0,0,0,0,0,0,8,193750.0,AVLYVYNK,Spirochaetes
1588,EARK,EAR(+14.02)TTVGDR(+14.02)K,383000.0,1,0,1,1,0,1,0,0,1,0,0,0,0,0,2,0,2,1,0,0,0,0,0,0,0,2,4,95750.0,QPMVAAR,Proteobacteria
1608,AGNSADVSDK,AGN(+.98)SADVSDK,10100.0,2,0,2,0,0,1,0,0,1,0,0,1,0,0,0,2,0,1,0,0,0,0,1,0,0,0,10,1010.0,VNLLPFPR,Arthropoda
1611,VQREVK,VQREVK,6460.0,0,0,0,1,0,0,0,0,1,0,0,0,0,1,1,0,0,2,0,0,0,0,0,0,0,0,6,1076.6666666666667,NGWEPVR,Actinobacteria
1626,QCPR,QC(+57.02)SLLN(+.98)PR,959000.0,0,1,0,0,0,0,0,0,0,2,0,1,1,1,1,1,0,0,0,0,1,0,1,0,0,0,4,239750.0,MMTVSPR,Proteobacteria
1671,LACNKRR,LAC(+57.02)NKRR,517000.0,1,1,0,0,0,0,0,0,1,1,0,1,0,0,2,0,0,0,0,0,1,0,0,0,0,0,7,73857.14285714286,SPLDLQLR,Ascomycota
1697,LSYEVRK,LSYEVR(+14.02)NC(+57.02)K,244000.0,0,1,0,1,0,0,0,0,1,1,0,1,0,0,1,1,0,1,0,1,1,0,0,0,0,1,7,34857.142857142855,SLHMSMK,Apicomplexa
1698,RGR,R(+14.02)PVTLLEAPC(+57.02)GR,2150000.0,1,1,0,1,0,1,0,0,0,2,0,0,2,0,2,0,1,1,0,0,1,0,0,0,0,1,3,716666.6666666665,WYVMPR,Proteobacteria
1740,KLR,K(+15.99)GN(+.98)AELAER(+14.02)LR,47900.0,2,0,0,2,0,1,0,0,1,2,0,1,0,0,2,0,0,0,0,0,0,0,1,0,1,1,3,15966.666666666664,YLTAEFR,Acidobacteria
1751,KEYDYLLK,KEYDYLLK,166000.0,0,0,1,1,0,0,0,0,2,2,0,0,0,0,0,0,0,0,0,2,0,0,0,0,0,0,8,20750.0,ALGVYMK,Mucoromycota
1779,LTSNVSNLWR,LTSNVSNLWR(+14.02),1700000.0,0,0,0,0,0,0,0,0,0,2,0,2,0,0,1,2,1,1,1,0,0,0,0,0,0,1,10,170000.0,VPALAYK,Proteobacteria
1783,AMLFER,AMLFER,28100.0,1,0,0,1,1,0,0,0,0,1,1,0,0,0,1,0,0,0,0,0,0,0,0,0,0,0,6,4683.333333333333,EVLMGPR,Arthropoda
1817,MWGPLDELALRER,MWGPLDELALR(+14.02)ER,,1,0,1,2,0,1,0,0,0,3,1,0,1,0,2,0,0,0,1,0,0,0,0,0,0,1,13,,MTLYYFR,Proteobacteria
1826,TTQYPLHK,TTQYPLHK,24300.0,0,0,0,0,0,0,1,0,1,1,0,0,1,1,0,0,2,0,0,1,0,0,0,0,0,0,8,3037.5,FAAHMSR,Streptophyta
1865,VTLFEAAPK,VTLFEAAPK,197000.0,2,0,0,1,1,0,0,0,1,1,0,0,1,0,0,0,1,1,0,0,0,0,0,0,0,0,9,21888.88888888889,LGDGPEAK,Elusimicrobia
1919,QFVPALEAADARR,QFVPALEAADARR,8510000.0,4,0,1,1,1,0,0,0,0,1,0,0,1,1,2,0,0,1,0,0,0,0,0,0,0,0,13,654615.3846153846,LNLGTEAK,Proteobacteria
1960,WYVMPR,WYVMPR,173000.0,0,0,0,0,0,0,0,0,0,0,1,0,1,0,1,0,0,1,1,1,0,0,0,0,0,0,6,28833.33333333333,WLMWNK,Ascomycota
1971,TLATEGRRK,TLATEGRRK,290000.0,1,0,0,1,0,1,0,0,1,1,0,0,0,0,2,0,2,0,0,0,0,0,0,0,0,0,9,32222.222222222223,TNLLDVAR,Proteobacteria
1974,QNEPSLEAR,QNEPSLEAR,,1,0,0,2,0,0,0,0,0,1,0,1,1,1,1,1,0,0,0,0,0,0,0,0,0,0,9,,DVPAHFK,Ascomycota
2013,LLLPDSAK,LLLPDSAK,140000.0,1,0,1,0,0,0,0,0,1,3,0,0,1,0,0,1,0,0,0,0,0,0,0,0,0,0,8,17500.0,TVNAQPK,Planctomycetes
2063,LENTPDVK,LENTPDVK,229000.0,0,0,1,1,0,0,0,0,1,1,0,1,1,0,0,0,1,1,0,0,0,0,0,0,0,0,8,28625.0,HHNMEK,Euryarchaeota
2077,KDMLSR,KDMLSR,269000.0,0,0,1,0,0,0,0,0,1,1,1,0,0,0,1,1,0,0,0,0,0,0,0,0,0,0,6,44833.33333333334,ATEFELAR,Proteobacteria
2093,DFWGMEFSLSR,DFWGM(+15.99)EAN(+.98)EFSLSR,256000.0,1,0,1,2,2,1,0,0,0,1,1,1,0,0,1,2,0,0,1,0,0,1,1,0,0,0,11,23272.727272727272,WELQNVR,Proteobacteria
2114,R,R(+14.02)FLGEK(+15.99),123000.0,0,0,0,1,1,1,0,0,1,1,0,0,0,0,1,0,0,0,0,0,0,0,0,0,1,1,1,123000.0,LTVMVPR,Firmicutes
2121,TLWLLR,TLWLLR,1330.0,0,0,0,0,0,0,0,0,0,3,0,0,0,0,1,0,1,0,1,0,0,0,0,0,0,0,6,221.66666666666663,MLLASLTLR,Proteobacteria
2152,RNMLVLK,RNM(+15.99)LVLK,431000.0,0,0,0,0,0,0,0,0,1,2,1,1,0,0,1,0,0,1,0,0,0,1,0,0,0,0,7,61571.42857142857,AFMLFVK,Firmicutes
2158,TTLTMPR,TTLTMPR(+14.02),,0,0,0,0,0,0,0,0,0,1,1,0,1,0,1,0,3,0,0,0,0,0,0,0,0,1,7,,TLYALANK,Proteobacteria
2181,MHFPHLTPFR,MHFPHLTPFR(+14.02),641000.0,0,0,0,0,2,0,2,0,0,1,1,0,2,0,1,0,1,0,0,0,0,0,0,0,0,1,10,64100.0,GYVADGNK,Bacteroidetes
2186,LLLPPMRK,LLLPPMR(+14.02)K,279000.0,0,0,0,0,0,0,0,0,1,3,1,0,2,0,1,0,0,0,0,0,0,0,0,0,0,1,8,34875.0,TPAFC,Streptophyta
2200,MDARMVNK,M(+15.99)DARMVNK,11500.0,1,0,1,0,0,0,0,0,1,0,2,1,0,0,1,0,0,1,0,0,0,1,0,0,0,0,8,1437.5,LPSAAAAEK,Proteobacteria
2233,QQQPLR,QQQPLR,3720000.0,0,0,0,0,0,0,0,0,0,1,0,0,1,3,1,0,0,0,0,0,0,0,0,0,0,0,6,620000.0,LMEFHDK,Cryptomycota
2241,DFWPYR,DFWPYR(+14.02),,0,0,1,0,1,0,0,0,0,0,0,0,1,0,1,0,0,0,1,1,0,0,0,0,0,1,6,,WVMHMK,Proteobacteria
2244,CLALNPDVHR,C(+57.02)HQ(+.98)LALNPDVHR,67400.0,1,1,1,0,0,0,2,0,0,2,0,1,1,1,1,0,0,1,0,0,1,0,0,1,0,0,10,6740.0,VSFTDALK,Proteobacteria
2288,RSER,R(+14.02)GSHN(+.98)SER,3450.0,0,0,0,1,0,1,1,0,0,0,0,1,0,0,2,2,0,0,0,0,0,0,1,0,0,1,4,862.5,HYVLYSK,Bacteroidetes
2303,TAKFTFHMR,TAKFTFHMR(+14.02),289000.0,1,0,0,0,2,0,1,0,1,0,1,0,0,0,1,0,2,0,0,0,0,0,0,0,0,1,9,32111.111111111113,NPGVEDK,Arthropoda
2310,WYFPVESASSVDYLR,WYFPVESASSVDYLR,3090000.0,1,0,1,1,1,0,0,0,0,1,0,0,1,0,1,3,0,2,1,2,0,0,0,0,0,0,15,206000.0,NVPMSYK,Proteobacteria
2377,FLKHSK,FLKHSK,1260000.0,0,0,0,0,1,0,1,0,2,1,0,0,0,0,0,1,0,0,0,0,0,0,0,0,0,0,6,210000.0,LEFPVVVK,Firmicutes
2378,MK,M(+15.99)ELLPEHM(+15.99)K,38500.0,0,0,0,2,0,0,1,0,1,2,2,0,1,0,0,0,0,0,0,0,0,2,0,0,0,0,2,19250.0,VPLVVEVR,Ascomycota
2386,LSNEQLWAWK,LSNEQLWAWK,160000.0,1,0,0,1,0,0,0,0,1,2,0,1,0,1,0,1,0,0,2,0,0,0,0,0,0,0,10,16000.0,ADVSMPR,Proteobacteria
2445,TGYTPESPLRSR,TGYTPESPLRSR,,0,0,0,1,0,1,0,0,0,1,0,0,2,0,2,2,2,0,0,1,0,0,0,0,0,0,12,,LVPGFEAK,Firmicutes
2457,LHCDSK,LHC(+57.02)DSK,663000.0,0,1,1,0,0,0,1,0,1,1,0,0,0,0,0,1,0,0,0,0,1,0,0,0,0,0,6,110500.0,QNMVATR,Proteobacteria
2461,EPWVAR,EPWVAR,917000.0,1,0,0,1,0,0,0,0,0,0,0,0,1,0,1,0,0,1,1,0,0,0,0,0,0,0,6,152833.33333333337,NNNYYAK,Ciliophora
2477,LLNVHER,LLNVHER,,0,0,0,1,0,0,1,0,0,2,0,1,0,0,1,0,0,1,0,0,0,0,0,0,0,0,7,,WNEHLLGK,Bacteroidetes
2484,GKSTALANNMMK,GK(+15.99)STALANNMMK,616000.0,2,0,0,0,0,1,0,0,2,1,2,2,0,0,0,1,1,0,0,0,0,0,0,0,1,0,12,51333.33333333334,QNALEWK,Verrucomicrobia
2540,FNNPSR,FNN(+.98)LESVQGK(+15.99)PSR,456000.0,0,0,0,1,1,1,0,0,1,1,0,2,1,1,1,2,0,1,0,0,0,0,1,0,1,0,6,76000.0,NSFFWYK,Firmicutes
2541,KVSDMREPK,KVSDM(+15.99)REPK,54200.0,0,0,1,1,0,0,0,0,2,0,1,0,1,0,1,1,0,1,0,0,0,1,0,0,0,0,9,6022.222222222223,DVLPYNK,Bacteroidetes
2563,WQNNNVDASWAQRR,WQNNNVDASWAQR(+14.02)R,653000.0,2,0,1,0,0,0,0,0,0,0,0,3,0,2,2,1,0,1,2,0,0,0,0,0,0,1,14,46642.857142857145,WAPAPAK,Ascomycota
2565,RAFLEK,R(+14.02)AFLEK,,1,0,0,1,1,0,0,0,1,1,0,0,0,0,1,0,0,0,0,0,0,0,0,0,0,1,6,,LGTVGGPK,Ascomycota
2584,VSTVKVDPAR,VSTVKVDPAR,26400.0,1,0,1,0,0,0,0,0,1,0,0,0,1,0,1,1,1,3,0,0,0,0,0,0,0,0,10,2640.0,FLGALC,Proteobacteria
2592,SYVGMPR,SYVGMPR,4890.0,0,0,0,0,0,1,0,0,0,0,1,0,1,0,1,1,0,1,0,1,0,0,0,0,0,0,7,698.5714285714287,TSMVLPK,Ascomycota
2605,VSFTDALKKK,VSFTDALKKK,150000.0,1,0,1,0,1,0,0,0,3,1,0,0,0,0,0,1,1,1,0,0,0,0,0,0,0,0,10,15000.0,FTNFYYK,Porifera
2620,WRSALLK,WR(+14.02)SALLK,,1,0,0,0,0,0,0,0,1,2,0,0,0,0,1,1,0,0,1,0,0,0,0,0,0,1,7,,LETWDPK,Zoopagomycota
2624,HMNLVRK,HMNLVR(+14.02)K,26600.0,0,0,0,0,0,0,1,0,1,1,1,1,0,0,1,0,0,1,0,0,0,0,0,0,0,1,7,3800.0,NNGPAHR,Streptophyta
2625,VLLTEAGPRPK,VLLTEAGPR(+14.02)PK,98100.0,1,0,0,1,0,1,0,0,1,2,0,0,2,0,1,0,1,1,0,0,0,0,0,0,0,1,11,8918.181818181818,TTDLPHK,Nitrospirae
2650,RAVSNALR,R(+14.02)K(+15.99)YYAVN(+.98)AVSNALR,108000000.0,3,0,0,0,0,0,0,0,1,1,0,2,0,0,2,1,0,2,0,2,0,0,1,0,1,1,8,13500000.0,AASYFDR,Cyanobacteria
2661,MGLNPLR,MGLNPLR(+14.02),307000.0,0,0,0,0,0,1,0,0,0,2,1,1,1,0,1,0,0,0,0,0,0,0,0,0,0,1,7,43857.142857142855,TLYMPLDK,Actinobacteria
2682,DEKLCEGPK,DEKLC(+57.02)EGPK,,0,1,1,2,0,1,0,0,2,1,0,0,1,0,0,0,0,0,0,0,1,0,0,0,0,0,9,,CNPVDGK,Mollusca
2684,ETAPSYGAEK,ETAPSYGAEK(+15.99),61100.0,2,0,0,2,0,1,0,0,1,0,0,0,1,0,0,1,1,0,0,1,0,0,0,0,1,0,10,6110.0,DLFHHLTR,Proteobacteria
2738,KNVCFGAAK,KNVC(+57.02)GAN(+.98)EC(+57.02)FGAAK,260000.0,3,2,0,1,1,2,0,0,2,0,0,2,0,0,0,0,0,1,0,0,2,0,1,0,0,0,9,28888.888888888887,DMESVQK,Firmicutes
2747,MLLLHK,MLLLHK,295000.0,0,0,0,0,0,0,1,0,1,3,1,0,0,0,0,0,0,0,0,0,0,0,0,0,0,0,6,49166.66666666666,TANDAALK,Proteobacteria
2761,VPLVVEVR,VPLVVEVR,126000.0,0,0,0,1,0,0,0,0,0,1,0,0,1,0,1,0,0,4,0,0,0,0,0,0,0,0,8,15750.0,LQWTVPK,Chytridiomycota
2809,ARKFSGHK,AR(+14.02)KFSGHK,3810000.0,1,0,0,0,1,1,1,0,2,0,0,0,0,0,1,1,0,0,0,0,0,0,0,0,0,1,8,476250.0,NNTWPQK,Arthropoda
2812,TPLNK,TPLNK(+15.99)AK(+15.99)TGAPR(+14.02),118000.0,2,0,0,0,0,1,0,0,2,1,0,1,2,0,1,0,2,0,0,0,0,0,0,0,2,1,5,23600.0,TAEMEPK,Ascomycota
2818,SPNLMNGHSK,SPNLMNGHSK,,0,0,0,0,0,1,1,0,1,1,1,2,1,0,0,2,0,0,0,0,0,0,0,0,0,0,10,,LYVVDTNAK,Proteobacteria
2875,LNFEVK,LNFEVK,83700.0,0,0,0,1,1,0,0,0,1,1,0,1,0,0,0,0,0,1,0,0,0,0,0,0,0,0,6,13950.0,LLTHGMDK,Ascomycota
2897,QSGYLYMEDK,QSGYLYMEDK,33600.0,0,0,1,1,0,1,0,0,1,1,1,0,0,1,0,1,0,0,0,2,0,0,0,0,0,0,10,3360.0,TVVMMPK,Bacteroidetes
2900,VLVEPKATR,VLVEPKATR,104000.0,1,0,0,1,0,0,0,0,1,1,0,0,1,0,1,0,1,2,0,0,0,0,0,0,0,0,9,11555.555555555557,ALATSSHK,Ascomycota
2901,QSSGNSN,QSSGNSN(+.98)FVVTPPK(+15.99),70300.0,0,0,0,0,1,1,0,0,1,0,0,2,2,1,0,3,1,2,0,0,0,0,1,0,1,0,7,10042.857142857143,TPEVSPPK,Proteobacteria
2947,GFGSYAVLAGDACLR,GFGSYAVLAGDAC(+57.02)VR(+14.02)LR,189000.0,3,1,1,0,1,3,0,0,0,2,0,0,0,0,2,1,0,2,0,1,1,0,0,0,0,1,15,12600.0,NQPLDYR,Cyanobacteria
2996,HLVGMSPDYR,HLVGM(+15.99)SPDYR,318000.0,0,0,1,0,0,1,1,0,0,1,1,0,1,0,1,1,0,1,0,1,0,1,0,0,0,0,10,31800.0,YTANLDAR,Ascomycota
3018,RASDVNAMK,R(+14.02)ASDVNAMK,3810000.0,2,0,1,0,0,0,0,0,1,0,1,1,0,0,1,1,0,1,0,0,0,0,0,0,0,1,9,423333.33333333326,LAYENNTK,Bacteroidetes
3030,RVENYNAARDVK,R(+14.02)VENYNAARDVK,91200.0,2,0,1,1,0,0,0,0,1,0,0,2,0,0,2,0,0,2,0,1,0,0,0,0,0,1,12,7600.0,TSENRPK,Ascomycota
3032,TKFTNFYYK,TK(+15.99)FTNFYYK,1240.0,0,0,0,0,2,0,0,0,2,0,0,1,0,0,0,0,2,0,0,2,0,0,0,0,1,0,9,137.77777777777777,DELENHSR,Firmicutes
3075,TYQFVK,TYQFVK,,0,0,0,0,1,0,0,0,1,0,0,0,0,1,0,0,1,1,0,1,0,0,0,0,0,0,6,,DLQVSSHK,Bacteroidetes
3076,KVFTFFR,KVFTFFR,,0,0,0,0,3,0,0,0,1,0,0,0,0,0,1,0,1,1,0,0,0,0,0,0,0,0,7,,TYEMAPK,Proteobacteria
3087,VLNSCMMHR,VLNSC(+57.02)MMHR,652000.0,0,1,0,0,0,0,1,0,0,1,2,1,0,0,1,1,0,1,0,0,1,0,0,0,0,0,9,72444.44444444444,TAYPMMK,Bacteroidetes
3097,YVLGKR,YVLGK(+15.99)R,,0,0,0,0,0,1,0,0,1,1,0,0,0,0,1,0,0,1,0,1,0,0,0,0,1,0,6,,LVSNGLVK,Apicomplexa
3122,TSYVAVDAAAPR,TSYVAVDAAAPR(+14.02),786000.0,4,0,1,0,0,0,0,0,0,0,0,0,1,0,1,1,1,2,0,1,0,0,0,0,0,1,12,65500.0,VPPSFSK,Echinodermata
3135,TSLNVLEFHK,TSLNVLEFHK,477000.0,0,0,0,1,1,0,1,0,1,2,0,1,0,0,0,1,1,1,0,0,0,0,0,0,0,0,10,47700.0,SSNVNQK,Streptophyta
3159,GPFQFVK,GPFQFVK,177000.0,0,0,0,0,2,1,0,0,1,0,0,0,1,1,0,0,0,1,0,0,0,0,0,0,0,0,7,25285.714285714286,EQLAWPK,Bacteroidetes
3188,ECDSNREAR,EC(+57.02)DSNREAR,125000.0,1,1,1,2,0,0,0,0,0,0,0,1,0,0,2,1,0,0,0,0,1,0,0,0,0,0,9,13888.888888888889,NLEALPAK,Proteobacteria
3221,NWHLEAALGYTK,NWHLEAALGYTK,621000.0,2,0,0,1,0,1,1,0,1,2,0,1,0,0,0,0,1,0,1,1,0,0,0,0,0,0,12,51750.0,TFALADLLK,Aquificae
3224,LQWTVPK,LQWTVPK,5390.0,0,0,0,0,0,0,0,0,1,1,0,0,1,1,0,0,1,1,1,0,0,0,0,0,0,0,7,770.0,VNELFWK,Proteobacteria
3231,FDVRVK,FDVRVK,,0,0,1,0,1,0,0,0,1,0,0,0,0,0,1,0,0,2,0,0,0,0,0,0,0,0,6,,LLLHTDNK,Firmicutes
3248,KAYNEAAASATPK,KAYNEAAASATPK,196000.0,5,0,0,1,0,0,0,0,2,0,0,1,1,0,0,1,1,0,0,1,0,0,0,0,0,0,13,15076.923076923076,NGAEDVSR,Chytridiomycota
3249,LNEFLK,LNEFLK,,0,0,0,1,1,0,0,0,1,2,0,1,0,0,0,0,0,0,0,0,0,0,0,0,0,0,6,,WAFMVR,Actinobacteria
3264,TVVVHSR,TVVVHSR,695000.0,0,0,0,0,0,0,1,0,0,0,0,0,0,0,1,1,1,3,0,0,0,0,0,0,0,0,7,99285.71428571428,MVLTLSNK,Arthropoda
3269,LFPELWWMAHK,LFPELWWMAHK,148000.0,1,0,0,1,1,0,1,0,1,2,1,0,1,0,0,0,0,0,2,0,0,0,0,0,0,0,11,13454.545454545454,QGYATVER,Proteobacteria
3313,QDGAPNGVEDK,QDGAPNGVEDK,603000.0,1,0,2,1,0,2,0,0,1,0,0,1,1,1,0,0,0,1,0,0,0,0,0,0,0,0,11,54818.181818181816,FGALHNK,Cyanobacteria
3315,NYTPR,N(+.98)DR(+14.02)YTPR,198000.0,0,0,1,0,0,0,0,0,0,0,0,1,1,0,2,0,1,0,0,1,0,0,1,0,0,1,5,39600.0,YPYPAVPR,Arthropoda
3320,MGANRSK,M(+15.99)GANRSK,3220000.0,1,0,0,0,0,1,0,0,1,0,1,1,0,0,1,1,0,0,0,0,0,1,0,0,0,0,7,460000.0,TNFMDLR,Streptophyta
3322,RHAK,R(+14.02)AELVTM(+15.99)HAK,62700.0,2,0,0,1,0,0,1,0,1,1,1,0,0,0,1,0,1,1,0,0,0,1,0,0,0,1,4,15675.0,TYLMLVK,Firmicutes
3349,MELRSTGHK,MELRSTGHK,26400.0,0,0,0,1,0,1,1,0,1,1,1,0,0,0,1,1,1,0,0,0,0,0,0,0,0,0,9,2933.333333333333,DPLTAELR,Annelida
3355,SWEADSECSSLK,SWEADSEC(+57.02)LVDEGN(+.98)SSLK,77700.0,1,1,2,3,0,1,0,0,1,2,0,1,0,0,0,4,0,1,1,0,1,0,1,0,0,0,12,6475.0,LFLMSHK,Spirochaetes
3374,KM,KM(+15.99)MLLDLKPMM(+15.99)R(+14.02),609000.0,0,0,1,0,0,0,0,0,2,3,4,0,1,0,1,0,0,0,0,0,0,2,0,0,0,1,2,304500.0,AMLEQTPR,Actinobacteria
3379,M,M(+15.99)VSPR(+14.02),392000.0,0,0,0,0,0,0,0,0,0,0,1,0,1,0,1,1,0,1,0,0,0,1,0,0,0,1,1,392000.0,TFWYPR,Proteobacteria
3385,LPRAYK,LPR(+14.02)AYK,13800.0,1,0,0,0,0,0,0,0,1,1,0,0,1,0,1,0,0,0,0,1,0,0,0,0,0,1,6,2300.0,LNTFAEEK,Streptophyta
3392,AEKALGVK,AEK(+15.99)ALGVK,,2,0,0,1,0,1,0,0,2,1,0,0,0,0,0,0,0,1,0,0,0,0,0,0,1,0,8,,MSLENVQK,Arthropoda
3421,MPRMQEDVQLNLR,MPRMQEDVQLNLR,98.8,0,0,1,1,0,0,0,0,0,2,2,1,1,2,2,0,0,1,0,0,0,0,0,0,0,0,13,7.6,NELNWWR,Ascomycota
3426,TRHLFK,TR(+14.02)HLFK,,0,0,0,0,1,0,1,0,1,1,0,0,0,0,1,0,1,0,0,0,0,0,0,0,0,1,6,,GMNLHAK,Proteobacteria
3439,FLPEDDSVGYDLAR,FLPEDDSVGYDLAR,18600.0,1,0,3,1,1,1,0,0,0,2,0,0,1,0,1,1,0,1,0,1,0,0,0,0,0,0,14,1328.5714285714287,AEYAVDETR,Proteobacteria
3458,NQPLDYR,NQPLDYR,63600.0,0,0,1,0,0,0,0,0,0,1,0,1,1,1,1,0,0,0,0,1,0,0,0,0,0,0,7,9085.714285714286,LVNVAGNK,Firmicutes
3492,SFLNDAFER,SFLNDAFER,79600.0,1,0,1,1,2,0,0,0,0,1,0,1,0,0,1,1,0,0,0,0,0,0,0,0,0,0,9,8844.444444444445,MHLMHLTK,Firmicutes
3503,GFTMTQEK,GFTM(+15.99)TQEK,38600.0,0,0,0,1,1,1,0,0,1,0,1,0,0,1,0,0,2,0,0,0,0,1,0,0,0,0,8,4825.0,AAHLALPK,Proteobacteria
3556,GPVLQNLK,GPVLQNLK,255000.0,0,0,0,0,0,1,0,0,1,2,0,1,1,1,0,0,0,1,0,0,0,0,0,0,0,0,8,31875.0,VGHLM,Basidiomycota
3655,WFRHAVDAVDNALR,WFR(+14.02)HAVDAVDNALR,1030000.0,3,0,2,0,1,0,1,0,0,1,0,1,0,0,2,0,0,2,1,0,0,0,0,0,0,1,14,73571.42857142858,TQMDVPPSR,Firmicutes
3699,DEQPPWHPK,DEQPPWHPK,19200.0,0,0,1,1,0,0,1,0,1,0,0,0,3,1,0,0,0,0,1,0,0,0,0,0,0,0,9,2133.333333333333,VEEHPSK,Firmicutes
3711,AKVSADSSGSMLGEAVR,AKVSADSSGSM(+15.99)LGK(+15.99)LGEAVR,3260000.0,3,0,1,1,0,3,0,0,2,2,1,0,0,0,1,4,0,2,0,0,0,1,0,0,1,0,17,191764.70588235292,FNTNAVK,Bacteroidetes
3715,KNDADPKKR,KNDADPK(+15.99)KR,,1,0,2,0,0,0,0,0,3,0,0,1,1,0,1,0,0,0,0,0,0,0,0,0,1,0,9,,LNLSADPK,Gemmatimonadetes
3728,TYLVGVRYR,TYLVGVR(+14.02)YR,170000.0,0,0,0,0,0,1,0,0,0,1,0,0,0,0,2,0,1,2,0,2,0,0,0,0,0,1,9,18888.88888888889,NLFVNVNK,Apicomplexa
3768,CHATYQTTPPSK,C(+57.02)HATYQTTPPSK,644000.0,1,1,0,0,0,0,1,0,1,0,0,0,2,1,0,1,3,0,0,1,1,0,0,0,0,0,12,53666.66666666666,EPPKPPVR,Lentisphaerae
3772,QMEMVR,QM(+15.99)EMVR,,0,0,0,1,0,0,0,0,0,0,2,0,0,1,1,0,0,1,0,0,0,1,0,0,0,0,6,,TAVMENR,Proteobacteria
3778,WFLM,WFLM(+15.99)DTDK(+15.99)QEWK(+15.99),17800.0,0,0,2,1,1,0,0,0,2,1,1,0,0,1,0,0,1,0,2,0,0,1,0,0,2,0,4,4450.0,NEGVALER,Proteobacteria
3787,NNVLTCDK,NNVLTC(+57.02)R(+14.02)DK,268000.0,0,1,1,0,0,0,0,0,1,1,0,2,0,0,1,0,1,1,0,0,1,0,0,0,0,1,8,33500.0,TFMAVDK,Bacteroidetes
3793,TAACEVR,TAAC(+57.02)EVR,11900.0,2,1,0,1,0,0,0,0,0,0,0,0,0,0,1,0,1,1,0,0,1,0,0,0,0,0,7,1700.0,QAELYEQTR,Cyanobacteria
3799,LVNPKAC,LVNPKAC(+57.02)LC(+57.02)R(+14.02),141000.0,1,2,0,0,0,0,0,0,1,2,0,1,1,0,1,0,0,1,0,0,2,0,0,0,0,1,7,20142.85714285714,QADMWK,Euryarchaeota
3804,ALDKKASAER,ALDK(+15.99)C(+57.02)M(+15.99)KASAER,3120000.0,3,1,1,1,0,0,0,0,2,1,1,0,0,0,1,1,0,0,0,0,1,1,0,0,1,0,10,312000.0,VDSDN,Lentisphaerae
3809,FYLKLHNK,FYLKLHNK,48700.0,0,0,0,0,1,0,1,0,2,2,0,1,0,0,0,0,0,0,0,1,0,0,0,0,0,0,8,6087.5,TQVLMHR,Actinobacteria
3831,EPNKVK,EPN(+.98)WN(+.98)KVK,,0,0,0,1,0,0,0,0,2,0,0,2,1,0,0,0,0,1,1,0,0,0,2,0,0,0,6,,DHLDAEAR,Proteobacteria
3834,N,N(+.98)PSLLQKENK(+15.99),,0,0,0,1,0,0,0,0,2,2,0,2,1,1,0,1,0,0,0,0,0,0,1,0,1,0,1,,DVLDGWSR,Nematoda
3846,KNNMLDLK,KNNMLDLK,,0,0,1,0,0,0,0,0,2,2,1,2,0,0,0,0,0,0,0,0,0,0,0,0,0,0,8,,TLLDWKPR,Bacteroidetes
3882,FALLCHAK,FALLC(+57.02)HAK,1250000.0,2,1,0,0,1,0,1,0,1,2,0,0,0,0,0,0,0,0,0,0,1,0,0,0,0,0,8,156250.0,AFQAFPR,Proteobacteria
3902,TSASAAK,TSASAAK(+15.99)RR(+14.02),817000.0,3,0,0,0,0,0,0,0,1,0,0,0,0,0,2,2,1,0,0,0,0,0,0,0,1,1,7,116714.28571428572,AYGDLLDLK,Arthropoda
3932,TAGMTAPSR,TAGMTAPSR,2250.0,2,0,0,0,0,1,0,0,0,0,1,0,1,0,1,1,2,0,0,0,0,0,0,0,0,0,9,250.0,VPAAHLAK,Proteobacteria
3952,LPKVESCDPDR,LPKVESC(+57.02)LNC(+57.02)K(+15.99)R(+14.02)DPDR,17900000.0,0,2,2,1,0,0,0,0,2,2,0,1,2,0,2,1,0,1,0,0,2,0,0,0,1,1,11,1627272.7272727273,SVLHVYR,Ascomycota
3954,TARAPSADPK,TAR(+14.02)GK(+15.99)APSADPK,5150000.0,3,0,1,0,0,1,0,0,2,0,0,0,2,0,1,1,1,0,0,0,0,0,0,0,1,1,10,515000.0,TTLGRPNR,Actinobacteria
3977,VLAEAHTTMPR,VLAEAHTTM(+15.99)PR,139000.0,2,0,0,1,0,0,1,0,0,1,1,0,1,0,1,0,2,1,0,0,0,1,0,0,0,0,11,12636.363636363636,TLRPNSSK,Actinobacteria
4007,HPTALLDGAPR,HPTALLDGAPR(+14.02),1600000.0,2,0,1,0,0,1,1,0,0,2,0,0,2,0,1,0,1,0,0,0,0,0,0,0,0,1,11,145454.54545454544,DMTFPNHK,Proteobacteria
4061,RKLPGNK,RK(+15.99)LPGNK,1010000.0,0,0,0,0,0,1,0,0,2,1,0,1,1,0,1,0,0,0,0,0,0,0,0,0,1,0,7,144285.7142857143,LVSNFHR,Basidiomycota
4076,ALDVPHVLK,ALDVPHVLK,220000.0,1,0,1,0,0,0,1,0,1,2,0,0,1,0,0,0,0,2,0,0,0,0,0,0,0,0,9,24444.44444444444,YNPTNTLK,Firmicutes
4078,DMLQNNLK,DMLQNNLK,,0,0,1,0,0,0,0,0,1,2,1,2,0,1,0,0,0,0,0,0,0,0,0,0,0,0,8,,SGTHAHR,Proteobacteria
4079,QMMLLDLQNLR,QMM(+15.99)LLDLQNLR,247000.0,0,0,1,0,0,0,0,0,0,4,2,1,0,2,1,0,0,0,0,0,0,1,0,0,0,0,11,22454.545454545456,MTGFESPR,Actinobacteria
4167,RRYEK,RR(+14.02)M(+15.99)YEK,,0,0,0,1,0,0,0,0,1,0,1,0,0,0,2,0,0,0,0,1,0,1,0,0,0,1,5,,NYMLNYK,Tenericutes
4175,AFLTMLR,AFLTMLR(+14.02),65300.0,1,0,0,0,1,0,0,0,0,2,1,0,0,0,1,0,1,0,0,0,0,0,0,0,0,1,7,9328.57142857143,VEAFPAK,Chlorobi
4242,KKLHMDNK,KKLHMDNK,,0,0,1,0,0,0,1,0,3,1,1,1,0,0,0,0,0,0,0,0,0,0,0,0,0,0,8,,EHCMAK,Proteobacteria
4247,NRQLPR,NRQLPR(+14.02),158000.0,0,0,0,0,0,0,0,0,0,1,0,1,1,1,2,0,0,0,0,0,0,0,0,0,0,1,6,26333.33333333333,TTYTHAK,Bacteroidetes
4254,RLQSSDESWAK,R(+14.02)LQSSDESWAK,603000.0,1,0,1,1,0,0,0,0,1,1,0,0,0,1,1,3,0,0,1,0,0,0,0,0,0,1,11,54818.181818181816,ETAMMPVR,Proteobacteria
4279,LEGLFSDPNK,LEGLFSDPNK,,0,0,1,1,1,1,0,0,1,2,0,1,1,0,0,1,0,0,0,0,0,0,0,0,0,0,10,,LALMLANK,Fusobacteria
4287,MHEQR,M(+15.99)M(+15.99)HEQR,123000.0,0,0,0,1,0,0,1,0,0,0,2,0,0,1,1,0,0,0,0,0,0,2,0,0,0,0,5,24600.0,FYMLPGR,Planctomycetes
4288,LFADTMSK,LFADTM(+15.99)MK(+15.99)SK,82600.0,1,0,1,0,1,0,0,0,2,1,2,0,0,0,0,1,1,0,0,0,0,1,0,0,1,0,8,10325.0,TAFELAVK,Actinobacteria
4291,QELQSAQR,QELQSAQR,8680.0,1,0,0,1,0,0,0,0,0,1,0,0,0,3,1,1,0,0,0,0,0,0,0,0,0,0,8,1085.0,DFYAHAK,Bacteroidetes
4316,VVELDGK,VVELDGK,81000.0,0,0,1,1,0,1,0,0,1,1,0,0,0,0,0,0,0,2,0,0,0,0,0,0,0,0,7,11571.428571428569,QVMVMVPK,Candidatus Parcubacteria
4347,TEVQNCAPK,TEVQNC(+57.02)APK,30900.0,1,1,0,1,0,0,0,0,1,0,0,1,1,1,0,0,1,1,0,0,1,0,0,0,0,0,9,3433.333333333333,AFNGKPK,Firmicutes
4352,KRWDQDFTDALLDR,KR(+14.02)C(+57.02)R(+14.02)WDQDFTDALLDR,768000.0,1,1,4,0,1,0,0,0,1,2,0,0,0,1,3,0,1,0,1,0,1,0,0,0,0,2,14,54857.142857142855,VHLWDYR,Chlorophyta
4374,VTVEKVEEHPSK,VTVEKVEEHPSK(+15.99)M(+15.99)WPPK(+15.99),4570000.0,0,0,0,3,0,0,1,0,3,0,1,0,3,0,0,1,1,3,1,0,0,1,0,0,2,0,12,380833.33333333326,TLVYSPER,Proteobacteria
4378,KVFVEK,KVFVEK,,0,0,0,1,1,0,0,0,2,0,0,0,0,0,0,0,0,2,0,0,0,0,0,0,0,0,6,,NDGAPPQR,Basidiomycota
