,spectrum,xcorr,deltacn,expect,ions,peptide,protein,calc_neutral_pep_mass,protein_descr,L terminus,R terminus,V,stripped peptide,stripped I-L
0,20170410_JA2_01.34842.34842.3,5.552,0.678,7.37E-12,31/88,R.AIQQQIENPLAQQILSGELVPGK.V,gi|54036848|sp|P63284.1|CLPB_ECOLI,2473.354,RecName: Full=Chaperone protein ClpB; AltName: Full=Heat shock protein F84.1,R,V,2,AIQQQIENPLAQQILSGELVPGK,ALQQQLENPLAQQLLSGELVPGK
1,20170410_JA2_01.23179.23179.2,4.989,0.72,1.01E-15,29/42,K.IVVGGPYSSVSDAASSLDSSQK.S,"ETNP_90m_PROKKA_168214,ETNP_100m_PROKKA_52245,ETNP_120m_PROKKA_24357,ETNP_140m_PROKKA_164346,ETNP_110m_PROKKA_45826,ETNP_160m_PROKKA_83311",2153.0488,Photosystem II 12 kDa extrinsic protein,K,S,3,IVVGGPYSSVSDAASSLDSSQK,LVVGGPYSSVSDAASSLDSSQK
2,20170410_JA2_01.34897.34897.2,4.888,0.709,2.44E-13,25/44,R.AIQQQIENPLAQQILSGELVPGK.V,gi|54036848|sp|P63284.1|CLPB_ECOLI,2473.354,RecName: Full=Chaperone protein ClpB; AltName: Full=Heat shock protein F84.1,R,V,2,AIQQQIENPLAQQILSGELVPGK,ALQQQLENPLAQQLLSGELVPGK
3,20170410_JA2_01.23135.23135.3,4.853,0.638,2.34E-16,29/84,K.IVVGGPYSSVSDAASSLDSSQK.S,"ETNP_90m_PROKKA_168214,ETNP_100m_PROKKA_52245,ETNP_120m_PROKKA_24357,ETNP_140m_PROKKA_164346,ETNP_110m_PROKKA_45826,ETNP_160m_PROKKA_83311",2153.0488,Photosystem II 12 kDa extrinsic protein,K,S,3,IVVGGPYSSVSDAASSLDSSQK,LVVGGPYSSVSDAASSLDSSQK
4,20170410_JA2_01.28172.28172.2,4.826,0.693,5.01E-13,29/42,K.IVVGGPYSSVSDAASVLDGSQK.S,"ETNP_100m_PROKKA_02317,ETNP_100m_PROKKA_02317,ETNP_120m_PROKKA_126325,ETNP_90m_PROKKA_27133",2135.0746,Photosystem II 12 kDa extrinsic protein precursor,K,S,4,IVVGGPYSSVSDAASVLDGSQK,LVVGGPYSSVSDAASVLDGSQK
5,20170410_JA2_01.27723.27723.2,4.758,0.692,6.03E-12,25/40,R.QAVSADSSGSFIGGAELASLK.S,"ETNP_90m_PROKKA_15076,ETNP_120m_PROKKA_239025,ETNP_120m_PROKKA_239025",1993.9957,C-phycoerythrin class 2 subunit beta,R,S,1,QAVSADSSGSFIGGAELASLK,QAVSADSSGSFLGGAELASLK
6,20170410_JA2_01.23382.23382.3,4.542,0.705,3.81E-14,27/84,K.IVVGGPYSSVSDAASSLDSSQK.S,"ETNP_90m_PROKKA_168214,ETNP_100m_PROKKA_52245,ETNP_120m_PROKKA_24357,ETNP_140m_PROKKA_164346,ETNP_110m_PROKKA_45826,ETNP_160m_PROKKA_83311",2153.0488,Photosystem II 12 kDa extrinsic protein,K,S,3,IVVGGPYSSVSDAASSLDSSQK,LVVGGPYSSVSDAASSLDSSQK
7,20170410_JA2_01.29365.29365.3,4.537,0.538,4.22E-10,27/76,K.YKDNFTVTAPEIALNEGFDR.L,"ETNP_100m_PROKKA_02317,ETNP_100m_PROKKA_02317,ETNP_120m_PROKKA_126325,ETNP_90m_PROKKA_27133,ETNP_90m_PROKKA_168214,ETNP_100m_PROKKA_52245,ETNP_120m_PROKKA_24357,ETNP_140m_PROKKA_164346",2299.1121,Photosystem II 12 kDa extrinsic protein precursor,K,L,1,YKDNFTVTAPEIALNEGFDR,YKDNFTVTAPELALNEGFDR
8,20170410_JA2_01.13775.13775.2,4.494,0.618,4.9E-08,23/34,R.AGAGDDEVNAGSGDDIVR.L,ETNP_120m_PROKKA_15747,1716.7551,hypothetical protein,R,L,2,AGAGDDEVNAGSGDDIVR,AGAGDDEVNAGSGDDLVR
9,20170410_JA2_01.24276.24276.3,4.371,0.461,0.000135,24/60,R.VIGQNEAVDAVSNAIR.R,gi|54036848|sp|P63284.1|CLPB_ECOLI,1654.8638,RecName: Full=Chaperone protein ClpB; AltName: Full=Heat shock protein F84.1,R,R,3,VIGQNEAVDAVSNAIR,VLGQNEAVDAVSNALR
10,20170410_JA2_01.18917.18917.2,4.309,0.631,1.12E-07,25/36,R.LPQVEGTGGDVQPSQDLVR.V,gi|54036848|sp|P63284.1|CLPB_ECOLI,1994.0069,RecName: Full=Chaperone protein ClpB; AltName: Full=Heat shock protein F84.1,R,V,4,LPQVEGTGGDVQPSQDLVR,LPQVEGTGGDVQPSQDLVR
11,20170410_JA2_01.19110.19110.2,4.241,0.612,9.28E-08,25/36,R.LPQVEGTGGDVQPSQDLVR.V,gi|54036848|sp|P63284.1|CLPB_ECOLI,1994.0069,RecName: Full=Chaperone protein ClpB; AltName: Full=Heat shock protein F84.1,R,V,4,LPQVEGTGGDVQPSQDLVR,LPQVEGTGGDVQPSQDLVR
12,20170410_JA2_01.30212.30212.3,4.223,0.647,1.55E-10,24/96,K.TNYFGIQGTDNGNLTNSFAESELER.A,"ETNP_110m_PROKKA_04004,ETNP_100m_PROKKA_85480,NP_100m_PROKKA_25090,ETNP_140m_PROKKA_82407,ETNP_100m_PROKKA_85480,ETNP_120m_particle_PROKKA_46067",2776.2576,Photosystem I reaction center subunit IV,K,A,0,TNYFGIQGTDNGNLTNSFAESELER,TNYFGLQGTDNGNLTNSFAESELER
13,20170410_JA2_01.18910.18910.3,4.196,0.536,5.36E-07,22/76,K.VAQEAVDAVYAVHPNGAVGR.Q,"ETNP_100m_particle_PROKKA_144421,ETNP_120m_PROKKA_239026,ETNP_90m_PROKKA_15075",2022.0283,C-phycoerythrin class 2 subunit alpha,K,Q,5,VAQEAVDAVYAVHPNGAVGR,VAQEAVDAVYAVHPNGAVGR
14,20170410_JA2_01.35016.35016.3,4.101,0.691,2.07E-11,22/88,R.AIQQQIENPLAQQILSGELVPGK.V,gi|54036848|sp|P63284.1|CLPB_ECOLI,2473.354,RecName: Full=Chaperone protein ClpB; AltName: Full=Heat shock protein F84.1,R,V,2,AIQQQIENPLAQQILSGELVPGK,ALQQQLENPLAQQLLSGELVPGK
15,20170410_JA2_01.26198.26198.2,4.083,0.629,1.45E-08,19/36,K.TNQNVGLDPETLALATPAR.D,"NP_85m_PROKKA_23185,ETNP14_68mB_PROKKA_05712,ETNP_100m_PROKKA_20700",1980.0276,Cytochrome c-550 precursor,K,D,1,TNQNVGLDPETLALATPAR,TNQNVGLDPETLALATPAR
16,20170410_JA2_01.26854.26854.3,4.028,0.686,9.75E-12,22/104,K.IVVGGPYSSVSDAASSLDSSQKSVFDK.Y,"ETNP_90m_PROKKA_168214,ETNP_100m_PROKKA_52245,ETNP_120m_PROKKA_24357,ETNP_140m_PROKKA_164346,ETNP_110m_PROKKA_45826,ETNP_160m_PROKKA_83311",2729.3396,Photosystem II 12 kDa extrinsic protein,K,Y,4,IVVGGPYSSVSDAASSLDSSQKSVFDK,LVVGGPYSSVSDAASSLDSSQKSVFDK
17,20170410_JA2_01.27142.27142.3,4.011,0.575,5.9E-07,22/92,R.AKDTGVDYAQGLVALGGDDEELAK.E,ETNP14_68maa_PROKKA_139945,2434.1864,Photosystem II manganese-stabilizing polypeptide precursor,R,E,2,AKDTGVDYAQGLVALGGDDEELAK,AKDTGVDYAQGLVALGGDDEELAK
18,20170410_JA2_01.28132.28132.3,3.928,0.597,1.45E-09,28/84,K.IVVGGPYSSVSDAASVLDGSQK.S,"ETNP_100m_PROKKA_02317,ETNP_100m_PROKKA_02317,ETNP_120m_PROKKA_126325,ETNP_90m_PROKKA_27133",2135.0746,Photosystem II 12 kDa extrinsic protein precursor,K,S,4,IVVGGPYSSVSDAASVLDGSQK,LVVGGPYSSVSDAASVLDGSQK
19,20170410_JA2_01.20958.20958.2,3.916,0.512,1.34E-10,23/32,K.YLGSTGGLLNSAETEEK.H,"ETNP14_68maa_PROKKA_166963,ETNP_90m_PROKKA_24349,WP_011131077,WP_036911259,ETNP_120m_free_PROKKA_147575",1767.8527,Photosystem I reaction center subunit II,K,H,0,YLGSTGGLLNSAETEEK,YLGSTGGLLNSAETEEK
20,20170410_JA2_01.28857.28857.3,3.879,0.532,1.14E-09,22/104,A.AQWDAETLTVPASPGGQQVTFSEADIK.A,"NP_85m_PROKKA_23185,ETNP14_68mB_PROKKA_05712,ETNP_100m_PROKKA_20700",2845.377,Cytochrome c-550 precursor,A,A,2,AQWDAETLTVPASPGGQQVTFSEADIK,AQWDAETLTVPASPGGQQVTFSEADLK
21,20170410_JA2_01.18029.18029.3,3.857,0.551,4.24E-07,22/64,A.AISSGAGNSDFVVGPER.A,"ETNP_90m_PROKKA_178606,ETNP_90m_PROKKA_17321,ETNP_100m_PROKKA_57551",1661.8009,Photosystem II manganese-stabilizing polypeptide precursor,A,A,2,AISSGAGNSDFVVGPER,ALSSGAGNSDFVVGPER
22,20170410_JA2_01.28422.28422.2,3.856,0.698,2.51E-11,20/42,K.IVVGGPYSSVSDAASVLDGSQK.S,"ETNP_100m_PROKKA_02317,ETNP_100m_PROKKA_02317,ETNP_120m_PROKKA_126325,ETNP_90m_PROKKA_27133",2135.0746,Photosystem II 12 kDa extrinsic protein precursor,K,S,4,IVVGGPYSSVSDAASVLDGSQK,LVVGGPYSSVSDAASVLDGSQK
23,20170410_JA2_01.15122.15122.3,3.84,0.534,5.83E-07,23/60,K.LGEAGEKIDLNNSSVR.R,"ETNP_90m_PROKKA_168214,ETNP_100m_PROKKA_52245,ETNP_120m_PROKKA_24357,ETNP_140m_PROKKA_164346,ETNP_110m_PROKKA_45826,ETNP_160m_PROKKA_83311",1700.8693,Photosystem II 12 kDa extrinsic protein,K,R,1,LGEAGEKIDLNNSSVR,LGEAGEKLDLNNSSVR
24,20170410_JA2_01.22347.22347.3,3.838,0.364,0.000553,23/48,-.MNKADLVNLVAAR.T,"ETNP_90m_PROKKA_53889,ETNP_90m_PROKKA_53889,ETNP_160m_PROKKA_172610,ETNP_140m_PROKKA_151089,WP_011295240,WP_011130763,ETNP_100m_PROKKA_47820,ETNP_110m_PROKKA_13715,ETNP14_68mB_PROKKA_59190,WP_028952679,ETNP_100m_particle_PROKKA_68767,ETNP_140m_PROKKA_20457,ETNP_90m_PROKKA_93078,ETNP_120m_PROKKA_328578,ETNP_100m_particle_PROKKA_148077,ETNP_90m_PROKKA_82892,ETNP14_68maa_PROKKA_88497",1413.7762,DNA-binding protein HU,-,T,2,MNKADLVNLVAAR,MNKADLVNLVAAR
25,20170410_JA2_01.18678.18678.2,3.829,0.592,5.97E-10,20/30,L.PDEAAEGITTVGDAVK.Y,"ETNP_100m_PROKKA_74688,ETNP14_68maa_PROKKA_164198,ETNP_160m_PROKKA_92744,ETNP_90m_PROKKA_181880,ETNP_140m_PROKKA_132622",1571.7679,Acyl carrier protein,L,Y,2,PDEAAEGITTVGDAVK,PDEAAEGLTTVGDAVK
26,20170410_JA2_01.15278.15278.3,3.806,0.496,3.43E-07,22/60,K.LGEAGEKIDLNNSSVR.R,"ETNP_90m_PROKKA_168214,ETNP_100m_PROKKA_52245,ETNP_120m_PROKKA_24357,ETNP_140m_PROKKA_164346,ETNP_110m_PROKKA_45826,ETNP_160m_PROKKA_83311",1700.8693,Photosystem II 12 kDa extrinsic protein,K,R,1,LGEAGEKIDLNNSSVR,LGEAGEKLDLNNSSVR
27,20170410_JA2_01.27260.27260.3,3.778,0.589,3.4E-09,24/72,K.TGEIGDGKIFISPVDSVVR.L,"WP_011130849,ETNP_100m_PROKKA_24476,ETNP_90m_PROKKA_202569,NP_85m_PROKKA_31666,ETNP_90m_PROKKA_165756,ETNP14_68maa_PROKKA_72299,ETNP_120m_PROKKA_54126,ETNP_100m_PROKKA_24476,ETNP_120m_PROKKA_235908,ETNP_100m_PROKKA_53395,WP_036911385",1988.0579,nitrogen regulatory protein P-II Prochlorococcus marinus,K,L,3,TGEIGDGKIFISPVDSVVR,TGELGDGKLFLSPVDSVVR
28,20170410_JA2_01.08312.08312.3,3.769,0.447,4.37E-05,19/48,K.LSGIDTAHQSGTK.T,"ETNP_120m_PROKKA_17226,ETNP14_120mab_PROKKA_25453,NP_85m_PROKKA_21447,ETNP_100m_PROKKA_06068",1313.6575,Chlorate reductase subunit gamma precursor,K,T,0,LSGIDTAHQSGTK,LSGLDTAHQSGTK
29,20170410_JA2_01.31403.31403.3,3.726,1,5.47E-11,18/100,K.TNYFGIQGTDNGNLTNSFAESELERA.-,"ETNP_110m_PROKKA_04004,ETNP_100m_PROKKA_85480,NP_100m_PROKKA_25090,ETNP_140m_PROKKA_82407,ETNP_100m_PROKKA_85480,ETNP_120m_particle_PROKKA_46067",2847.2947,Photosystem I reaction center subunit IV,K,-,0,TNYFGIQGTDNGNLTNSFAESELERA,TNYFGLQGTDNGNLTNSFAESELERA
30,20170410_JA2_01.19409.19409.3,3.717,0.448,6.75E-06,20/60,M.AAVSLSVSTVKPLGDR.V,"ETNP_90m_PROKKA_165094,ETNP_100m_PROKKA_21903,ETNP_110m_PROKKA_01759,ETNP14_68maa_PROKKA_182361,ETNP_160m_PROKKA_115920,ETNP_90m_PROKKA_150919,ETNP_140m_PROKKA_16312,ETNP_120m_PROKKA_272803,ETNP_100m_particle_PROKKA_95343,ETNP14_68maa_PROKKA_81354,ETNP_90m_PROKKA_49827,WP_011130818,ETNP_90m_PROKKA_196241,ETNP_70m_PROKKA_13039,WP_036905521,ETNP14_68maa_PROKKA_102613,ETNP_120m_PROKKA_03508",1598.8992,10 kDa chaperonin,M,V,4,AAVSLSVSTVKPLGDR,AAVSLSVSTVKPLGDR
31,20170410_JA2_01.20592.20592.2,3.707,0.626,2.27E-08,22/32,G.PYSSVSDAASVLDGSQK.S,"ETNP_100m_PROKKA_02317,ETNP_100m_PROKKA_02317,ETNP_120m_PROKKA_126325,ETNP_90m_PROKKA_27133",1709.8108,Photosystem II 12 kDa extrinsic protein precursor,G,S,2,PYSSVSDAASVLDGSQK,PYSSVSDAASVLDGSQK
32,20170410_JA2_01.19306.19306.2,3.689,0.624,7.01E-09,18/36,R.LPQVEGTGGDVQPSQDLVR.V,gi|54036848|sp|P63284.1|CLPB_ECOLI,1994.0069,RecName: Full=Chaperone protein ClpB; AltName: Full=Heat shock protein F84.1,R,V,4,LPQVEGTGGDVQPSQDLVR,LPQVEGTGGDVQPSQDLVR
33,20170410_JA2_01.19906.19906.3,3.664,0.423,0.00259,20/48,-.M[147.04]NKADLVNLVAAR.T,"ETNP_90m_PROKKA_53889,ETNP_90m_PROKKA_53889,ETNP_160m_PROKKA_172610,ETNP_140m_PROKKA_151089,WP_011295240,WP_011130763,ETNP_100m_PROKKA_47820,ETNP_110m_PROKKA_13715,ETNP14_68mB_PROKKA_59190,WP_028952679,ETNP_100m_particle_PROKKA_68767,ETNP_140m_PROKKA_20457,ETNP_90m_PROKKA_93078,ETNP_120m_PROKKA_328578,ETNP_100m_particle_PROKKA_148077,ETNP_90m_PROKKA_82892,ETNP14_68maa_PROKKA_88497",1429.7711,DNA-binding protein HU,-,T,2,MNKADLVNLVAAR,MNKADLVNLVAAR
34,20170410_JA2_01.16213.16213.3,3.611,0.414,0.00303,21/72,K.KAAEEAAAAQAAAEAAAAK.A,"ETNP_120m_PROKKA_00651,ETNP_100m_PROKKA_73186",1712.8693,hypothetical protein,K,A,0,KAAEEAAAAQAAAEAAAAK,KAAEEAAAAQAAAEAAAAK
35,20170410_JA2_01.28380.28380.3,3.605,0.603,4.3E-09,23/84,K.IVVGGPYSSVSDAASVLDGSQK.S,"ETNP_100m_PROKKA_02317,ETNP_100m_PROKKA_02317,ETNP_120m_PROKKA_126325,ETNP_90m_PROKKA_27133",2135.0746,Photosystem II 12 kDa extrinsic protein precursor,K,S,4,IVVGGPYSSVSDAASVLDGSQK,LVVGGPYSSVSDAASVLDGSQK
36,20170410_JA2_01.23990.23990.2,3.592,0.552,1.24E-05,18/30,K.DLEGDVDVTFNDASTK.L,ETNP_120m_PROKKA_213547,1724.7741,hypothetical protein,K,L,2,DLEGDVDVTFNDASTK,DLEGDVDVTFNDASTK
37,20170410_JA2_01.21695.21695.3,3.569,0.619,1.55E-08,18/76,R.SAQAHGLVPIVC[160.03]VGESDEQR.E,"ETNP_120m_particle_PROKKA_74000,ETNP_90m_PROKKA_172483,NP_85m_PROKKA_13686",2151.0379,Triosephosphate isomerase,R,E,3,SAQAHGLVPIVCVGESDEQR,SAQAHGLVPLVCVGESDEQR
38,20170410_JA2_01.24033.24033.3,3.555,0.496,4.19E-05,17/60,R.VIGQNEAVDAVSNAIR.R,gi|54036848|sp|P63284.1|CLPB_ECOLI,1654.8638,RecName: Full=Chaperone protein ClpB; AltName: Full=Heat shock protein F84.1,R,R,3,VIGQNEAVDAVSNAIR,VLGQNEAVDAVSNALR
39,20170410_JA2_01.21708.21708.2,3.554,0.639,4.93E-09,21/30,K.LGSDSGM[147.04]LAFEPSNIK.L,ETNP_90m_PROKKA_202194,1680.8029,Plastocyanin precursor,K,L,0,LGSDSGMLAFEPSNIK,LGSDSGMLAFEPSNLK
40,20170410_JA2_01.20949.20949.3,3.546,0.472,1.52E-06,25/68,M.ATKFPSFSQGLAQDPTTR.R,"WP_036912722,NP_85m_PROKKA_09264,ETNP_100m_particle_PROKKA_06251",1950.9799, photosystem I P700 chlorophyll a apoprotein A2 Prochlorococcus,M,R,0,ATKFPSFSQGLAQDPTTR,ATKFPSFSQGLAQDPTTR
41,20170410_JA2_01.14379.14379.4,3.54,0.489,1.27E-06,19/78,K.VKDLGDVSKSDLVR.A,"ETNP_140m_PROKKA_125786,ETNP_110m_PROKKA_26060,ETNP_100m_particle_PROKKA_13293,NP_85m_PROKKA_07695,ETNP14_68maa_PROKKA_115320,ETNP_90m_PROKKA_180048,ETNP_90m_PROKKA_62874,ETNP_110m_PROKKA_10944,ETNP_140m_PROKKA_61974,ETNP_100m_particle_PROKKA_129096,ETNP_100m_particle_PROKKA_45033,ETNP_90m_PROKKA_81200,ETNP_120m_PROKKA_207479,ETNP_120m_PROKKA_207479",1529.8413,hypothetical protein,K,A,3,VKDLGDVSKSDLVR,VKDLGDVSKSDLVR
42,20170410_JA2_01.19744.19744.2,3.539,0.541,2.65E-05,19/36,R.LPQVEGTGGDVQPSQ[129.04]DLVR.V,gi|54036848|sp|P63284.1|CLPB_ECOLI,1994.9909,RecName: Full=Chaperone protein ClpB; AltName: Full=Heat shock protein F84.1,R,V,4,LPQVEGTGGDVQPSQDLVR,LPQVEGTGGDVQPSQDLVR
43,20170410_JA2_01.18720.18720.3,3.533,0.544,5.8E-08,18/76,K.VAQEAVDAVYAVHPNGAVGR.Q,"ETNP_100m_particle_PROKKA_144421,ETNP_120m_PROKKA_239026,ETNP_90m_PROKKA_15075",2022.0283,C-phycoerythrin class 2 subunit alpha,K,Q,5,VAQEAVDAVYAVHPNGAVGR,VAQEAVDAVYAVHPNGAVGR
44,20170410_JA2_01.15890.15890.2,3.53,0.621,8.98E-09,18/34,R.GGSGNDTINGGGGDDLIR.M,ETNP_120m_PROKKA_213547,1673.7605,hypothetical protein,R,M,0,GGSGNDTINGGGGDDLIR,GGSGNDTLNGGGGDDLLR
45,20170410_JA2_01.31767.31767.3,3.529,0.498,4.99E-06,19/64,K.AYTALLDLKPGDEFEIK.L,"ETNP_140m_PROKKA_125786,ETNP_110m_PROKKA_26060,ETNP_100m_particle_PROKKA_13293,NP_85m_PROKKA_07695,ETNP14_68maa_PROKKA_115320,ETNP_90m_PROKKA_180048,ETNP_90m_PROKKA_62874,ETNP_110m_PROKKA_10944,ETNP_140m_PROKKA_61974,ETNP_100m_particle_PROKKA_129096,WP_011128382,ETNP_100m_particle_PROKKA_126395,ETNP_120m_PROKKA_113425,ETNP_120m_PROKKA_113425,ETNP_90m_PROKKA_71778",1922.0037,hypothetical protein,K,L,0,AYTALLDLKPGDEFEIK,AYTALLDLKPGDEFELK
46,20170410_JA2_01.09150.09150.2,3.527,0.57,6.48E-10,18/34,S.PVEESNSEGASGETEGVR.S,ETNP14_68mB_PROKKA_108220,1832.8024,hypothetical protein,S,S,2,PVEESNSEGASGETEGVR,PVEESNSEGASGETEGVR
47,20170410_JA2_01.13837.13837.3,3.519,0.488,4.34E-06,22/52,K.PQVGEVVQVGPGKR.N,"ETNP_90m_PROKKA_165094,ETNP_100m_PROKKA_21903,ETNP_110m_PROKKA_01759,ETNP14_68maa_PROKKA_182361,ETNP_160m_PROKKA_115920,ETNP_90m_PROKKA_150919,ETNP_140m_PROKKA_16312,ETNP_120m_PROKKA_272803,ETNP_100m_particle_PROKKA_95343,ETNP_90m_PROKKA_49827,WP_011130818,ETNP_90m_PROKKA_196241",1448.81,10 kDa chaperonin,K,N,4,PQVGEVVQVGPGKR,PQVGEVVQVGPGKR
48,20170410_JA2_01.19518.19518.2,3.519,1,9.99E-07,19/36,R.LPQ[129.04]VEGTGGDVQPSQDLVR.V,gi|54036848|sp|P63284.1|CLPB_ECOLI,1994.9909,RecName: Full=Chaperone protein ClpB; AltName: Full=Heat shock protein F84.1,R,V,4,LPQVEGTGGDVQPSQDLVR,LPQVEGTGGDVQPSQDLVR
49,20170410_JA2_01.17846.17846.2,3.486,0.591,8.47E-09,22/32,A.AISSGAGNSDFVVGPER.A,"ETNP_90m_PROKKA_178606,ETNP_90m_PROKKA_17321,ETNP_100m_PROKKA_57551",1661.8009,Photosystem II manganese-stabilizing polypeptide precursor,A,A,2,AISSGAGNSDFVVGPER,ALSSGAGNSDFVVGPER
50,20170410_JA2_01.30206.30206.3,3.484,0.679,1.07E-09,23/88,R.YNSGEGGC[160.03]FYSVDTIEAPWNSGR.L,"WP_011129980,WP_036915357,ETNP_110m_PROKKA_40292",2565.0867,glutamine synthetase Prochlorococcus marinus,R,L,1,YNSGEGGCFYSVDTIEAPWNSGR,YNSGEGGCFYSVDTLEAPWNSGR
51,20170410_JA2_01.14222.14222.3,3.472,0.566,7.55E-07,20/68,K.AASIAM[147.04]ITNTTSAAPARK.M,"ETNP_90m_PROKKA_15076,ETNP_120m_PROKKA_239025,ETNP_120m_PROKKA_239025",1789.9356,C-phycoerythrin class 2 subunit beta,K,M,0,AASIAMITNTTSAAPARK,AASLAMLTNTTSAAPARK
52,20170410_JA2_01.13790.13790.2,3.467,0.618,1.24E-08,20/32,R.IAENAGANGAVVAENVK.S,"ETNP_100m_PROKKA_21902,ETNP_90m_PROKKA_165095,ETNP_90m_PROKKA_150918,ETNP_120m_PROKKA_272804,WP_011127385,WP_038546435",1625.8373,60 kDa chaperonin 1,R,S,3,IAENAGANGAVVAENVK,LAENAGANGAVVAENVK
53,20170410_JA2_01.29877.29877.3,3.46,0.553,4.11E-08,20/48,K.KVSILGFGSFEPR.D,"ETNP_90m_PROKKA_53889,ETNP_90m_PROKKA_53889,ETNP_160m_PROKKA_172610,ETNP_140m_PROKKA_151089,WP_011295240,WP_011130763,ETNP_100m_PROKKA_47820,ETNP_110m_PROKKA_13715,ETNP14_68mB_PROKKA_59190,WP_028952679,ETNP_100m_particle_PROKKA_68767,ETNP_140m_PROKKA_20457,ETNP_90m_PROKKA_93078,ETNP_120m_PROKKA_328578,ETNP_100m_particle_PROKKA_148077,ETNP_90m_PROKKA_82892,ETNP14_68maa_PROKKA_88497",1435.7823,DNA-binding protein HU,K,D,1,KVSILGFGSFEPR,KVSLLGFGSFEPR
54,20170410_JA2_01.26181.26181.3,3.454,0.605,3.01E-08,18/72,K.TNQNVGLDPETLALATPAR.D,"NP_85m_PROKKA_23185,ETNP14_68mB_PROKKA_05712,ETNP_100m_PROKKA_20700",1980.0276,Cytochrome c-550 precursor,K,D,1,TNQNVGLDPETLALATPAR,TNQNVGLDPETLALATPAR
55,20170410_JA2_01.19134.19134.3,3.45,0.54,2.6E-08,21/72,R.LPQVEGTGGDVQPSQDLVR.V,gi|54036848|sp|P63284.1|CLPB_ECOLI,1994.0069,RecName: Full=Chaperone protein ClpB; AltName: Full=Heat shock protein F84.1,R,V,4,LPQVEGTGGDVQPSQDLVR,LPQVEGTGGDVQPSQDLVR
56,20170410_JA2_01.21159.21159.2,3.449,0.577,2.62E-08,16/32,K.YLGSTGGLLNSAETEEK.H,"ETNP14_68maa_PROKKA_166963,ETNP_90m_PROKKA_24349,WP_011131077,WP_036911259,ETNP_120m_free_PROKKA_147575",1767.8527,Photosystem I reaction center subunit II,K,H,0,YLGSTGGLLNSAETEEK,YLGSTGGLLNSAETEEK
57,20170410_JA2_01.30034.30034.2,3.446,1,5.66E-12,14/48,K.TNYFGIQ[129.04]GTDNGNLTNSFAESELER.A,"ETNP_110m_PROKKA_04004,ETNP_100m_PROKKA_85480,NP_100m_PROKKA_25090,ETNP_140m_PROKKA_82407,ETNP_100m_PROKKA_85480,ETNP_120m_particle_PROKKA_46067",2777.2416,Photosystem I reaction center subunit IV,K,A,0,TNYFGIQGTDNGNLTNSFAESELER,TNYFGLQGTDNGNLTNSFAESELER
58,20170410_JA2_01.10214.10214.3,3.441,0.617,1.04E-08,18/56,R.C[160.03]DTYTTDKSGLAAQR.T,"ETNP14_68maa_PROKKA_99193,WP_011282064,ETNP14_68maa_PROKKA_162902,NP_100m_PROKKA_12960,NP_85m_PROKKA_09530,ETNP14_68maa_PROKKA_79872,ETNP_120m_particle_PROKKA_90527,ETNP_150m_particle_PROKKA_41519,ETNP14_120maa_PROKKA_111366,ETNP14_120maa_PROKKA_147886,ETNP14_120maa_PROKKA_66447,ETNP_120m_PROKKA_313997,ETNP14_68maa_PROKKA_64086,ETNP14_120maa_PROKKA_142729,ETNP14_68mB_PROKKA_95524,ETNP14_120mab_PROKKA_36093,ETNP14_68mB_PROKKA_183810,ETNP14_120mab_PROKKA_51545,ETNP14_68maa_PROKKA_181927,ETNP14_120maa_PROKKA_173526,ETNP14_120mab_PROKKA_85648,ETNP14_120mab_PROKKA_93722,ETNP_100m_PROKKA_27346,Fosmid_PROKKA_01487,ETNP14_68mB_PROKKA_31228,ETNP14_68maa_PROKKA_191513",1685.7679,General L-amino acid-binding periplasmic protein AapJ precursor,R,T,0,CDTYTTDKSGLAAQR,CDTYTTDKSGLAAQR
59,20170410_JA2_01.31322.31322.3,3.419,0.606,3.94E-09,18/68,K.DNFTVTAPEIALNEGFDR.L,"ETNP_100m_PROKKA_02317,ETNP_100m_PROKKA_02317,ETNP_120m_PROKKA_126325,ETNP_90m_PROKKA_27133,ETNP_90m_PROKKA_168214,ETNP_100m_PROKKA_52245,ETNP_120m_PROKKA_24357,ETNP_140m_PROKKA_164346",2007.9538,Photosystem II 12 kDa extrinsic protein precursor,K,L,1,DNFTVTAPEIALNEGFDR,DNFTVTAPELALNEGFDR
60,20170410_JA2_01.31289.31289.2,3.413,0.645,2.14E-10,19/34,K.DNFTVTAPEIALNEGFDR.L,"ETNP_100m_PROKKA_02317,ETNP_100m_PROKKA_02317,ETNP_120m_PROKKA_126325,ETNP_90m_PROKKA_27133,ETNP_90m_PROKKA_168214,ETNP_100m_PROKKA_52245,ETNP_120m_PROKKA_24357,ETNP_140m_PROKKA_164346",2007.9538,Photosystem II 12 kDa extrinsic protein precursor,K,L,1,DNFTVTAPEIALNEGFDR,DNFTVTAPELALNEGFDR
61,20170410_JA2_01.31375.31375.3,3.412,0.5,4.74E-07,17/68,M.STKPLVIAPSILSADFSR.L,"ETNP_100m_particle_PROKKA_122669,ETNP_100m_particle_PROKKA_122669,ETNP_120m_PROKKA_275680,ETNP_140m_PROKKA_119303,ETNP_140m_PROKKA_11570,WP_036915413,NP_85m_PROKKA_26014,ETNP_90m_PROKKA_100473,ETNP_100m_PROKKA_49679,WP_011129948,ETNP_120m_free_PROKKA_318897",1901.0622,Ribulose-phosphate 3-epimerase,M,L,1,STKPLVIAPSILSADFSR,STKPLVLAPSLLSADFSR
62,20170410_JA2_01.29553.29553.3,3.406,1,0.000423,17/76,K.GGQPLFFGEGTYANLSQTAR.W,"ETNP_100m_particle_PROKKA_120141,WP_011129980,WP_036915357,ETNP_110m_PROKKA_40292,WP_011127938",2113.0229,Glutamine synthetase,K,W,0,GGQPLFFGEGTYANLSQTAR,GGQPLFFGEGTYANLSQTAR
63,20170410_JA2_01.19920.19920.2,3.399,0.654,3.15E-11,17/42,K.IVVGGPYSSVSDASSGLDGSQK.S,WP_036913959,2109.0226, photosystem II complex extrinsic protein precursor U Prochlorococcus,K,S,3,IVVGGPYSSVSDASSGLDGSQK,LVVGGPYSSVSDASSGLDGSQK
64,20170410_JA2_01.13821.13821.3,3.397,0.526,1.95E-05,22/64,R.IAENAGANGAVVAENVK.S,"ETNP_100m_PROKKA_21902,ETNP_90m_PROKKA_165095,ETNP_90m_PROKKA_150918,ETNP_120m_PROKKA_272804,WP_011127385,WP_038546435",1625.8373,60 kDa chaperonin 1,R,S,3,IAENAGANGAVVAENVK,LAENAGANGAVVAENVK
65,20170410_JA2_01.20780.20780.2,3.397,0.512,8.43E-06,17/28,M.SIVSNSIINADAEAR.Y,"WP_038546571,WP_011127357,ETNP_120m_PROKKA_308261,ETNP_120m_PROKKA_308261,ETNP_100m_particle_PROKKA_09323",1558.7951,allophycocyanin Synechococcus sp KORDI-100,M,Y,1,SIVSNSIINADAEAR,SLVSNSLLNADAEAR
66,20170410_JA2_01.23432.23432.2,3.381,0.709,1.12E-13,16/42,K.IVVGGPYSSVSDAASSLDSSQK.S,"ETNP_90m_PROKKA_168214,ETNP_100m_PROKKA_52245,ETNP_120m_PROKKA_24357,ETNP_140m_PROKKA_164346,ETNP_110m_PROKKA_45826,ETNP_160m_PROKKA_83311",2153.0488,Photosystem II 12 kDa extrinsic protein,K,S,3,IVVGGPYSSVSDAASSLDSSQK,LVVGGPYSSVSDAASSLDSSQK
67,20170410_JA2_01.31250.31250.2,3.375,0.683,5.17E-12,14/50,K.TNYFGIQGTDNGNLTNSFAESELERA.-,"ETNP_110m_PROKKA_04004,ETNP_100m_PROKKA_85480,NP_100m_PROKKA_25090,ETNP_140m_PROKKA_82407,ETNP_100m_PROKKA_85480,ETNP_120m_particle_PROKKA_46067",2847.2947,Photosystem I reaction center subunit IV,K,-,0,TNYFGIQGTDNGNLTNSFAESELERA,TNYFGLQGTDNGNLTNSFAESELERA
68,20170410_JA2_01.23762.23762.2,3.368,0.551,6.43E-07,18/28,K.AYGGETVTAGSILIR.Q,"ETNP14_68maa_PROKKA_194180,WP_011127415,WP_011825214,ETNP_120m_free_PROKKA_16242,ETNP_120m_PROKKA_149150,ETNP_120m_PROKKA_66419,ETNP_90m_PROKKA_10449,ETNP14_68maa_PROKKA_191671,ETNP_100m_PROKKA_73097,WP_011130789,NP_85m_PROKKA_29696,ETNP_90m_PROKKA_209641,ETNP_90m_PROKKA_50232",1506.8042,50S ribosomal protein L27,K,Q,1,AYGGETVTAGSILIR,AYGGETVTAGSLLLR
69,20170410_JA2_01.17488.17488.3,3.365,0.419,1.77E-05,20/52,R.SAAVRIPLTGPSPK.A,"ETNP_100m_particle_PROKKA_120141,ETNP_110m_PROKKA_40292,WP_011127938,WP_038652138,WP_042850333",1392.8089,Glutamine synthetase,R,A,1,SAAVRIPLTGPSPK,SAAVRLPLTGPSPK
70,20170410_JA2_01.23865.23865.3,3.357,0.606,4.22E-10,24/68,K.LGSDAGM[147.04]LAFEPSNIKIK.A,"ETNP_90m_PROKKA_03190,NP_85m_PROKKA_22881,ETNP_120m_PROKKA_52531,ETNP_140m_PROKKA_39322",1905.987,Plastocyanin precursor,K,A,0,LGSDAGMLAFEPSNIKIK,LGSDAGMLAFEPSNLKLK
71,20170410_JA2_01.22449.22449.2,3.354,0.535,0.000241,22/30,K.LGSDAGM[147.04]LAFEPSNIK.L,"ETNP_90m_PROKKA_03190,NP_85m_PROKKA_22881,ETNP_120m_PROKKA_52531,ETNP_140m_PROKKA_39322",1664.808,Plastocyanin precursor,K,L,0,LGSDAGMLAFEPSNIK,LGSDAGMLAFEPSNLK
72,20170410_JA2_01.26719.26719.2,3.334,0.411,0.000115,17/22,K.VTDAEIAEVLAR.W,gi|54036848|sp|P63284.1|CLPB_ECOLI,1285.6878,RecName: Full=Chaperone protein ClpB; AltName: Full=Heat shock protein F84.1,K,W,2,VTDAEIAEVLAR,VTDAELAEVLAR
73,20170410_JA2_01.13607.13607.2,3.332,0.611,3.11E-08,16/34,R.AGAGDDEVNAGSGDDIVR.L,ETNP_120m_PROKKA_15747,1716.7551,hypothetical protein,R,L,2,AGAGDDEVNAGSGDDIVR,AGAGDDEVNAGSGDDLVR
74,20170410_JA2_01.17277.17277.3,3.313,0.374,2.94E-06,20/52,R.SAAVRIPLTGPSPK.A,"ETNP_100m_particle_PROKKA_120141,ETNP_110m_PROKKA_40292,WP_011127938,WP_038652138,WP_042850333",1392.8089,Glutamine synthetase,R,A,1,SAAVRIPLTGPSPK,SAAVRLPLTGPSPK
75,20170410_JA2_01.16074.16074.3,3.301,0.547,2.7E-05,15/64,G.PYSSVSDAASSLDSSQK.S,"ETNP_90m_PROKKA_168214,ETNP_100m_PROKKA_52245,ETNP_120m_PROKKA_24357,ETNP_140m_PROKKA_164346,ETNP_110m_PROKKA_45826,ETNP_160m_PROKKA_83311",1727.785,Photosystem II 12 kDa extrinsic protein,G,S,1,PYSSVSDAASSLDSSQK,PYSSVSDAASSLDSSQK
76,20170410_JA2_01.20315.20315.3,3.299,0.366,0.00164,18/48,-.M[147.04]NKADLVNLVAAR.T,"ETNP_90m_PROKKA_53889,ETNP_90m_PROKKA_53889,ETNP_160m_PROKKA_172610,ETNP_140m_PROKKA_151089,WP_011295240,WP_011130763,ETNP_100m_PROKKA_47820,ETNP_110m_PROKKA_13715,ETNP14_68mB_PROKKA_59190,WP_028952679,ETNP_100m_particle_PROKKA_68767,ETNP_140m_PROKKA_20457,ETNP_90m_PROKKA_93078,ETNP_120m_PROKKA_328578,ETNP_100m_particle_PROKKA_148077,ETNP_90m_PROKKA_82892,ETNP14_68maa_PROKKA_88497",1429.7711,DNA-binding protein HU,-,T,2,MNKADLVNLVAAR,MNKADLVNLVAAR
77,20170410_JA2_01.16009.16009.2,3.298,0.563,1.48E-07,17/32,K.AASIAM[147.04]ITNTTSAAPAR.K,"ETNP_90m_PROKKA_15076,ETNP_120m_PROKKA_239025,ETNP_120m_PROKKA_239025",1661.8407,C-phycoerythrin class 2 subunit beta,K,K,0,AASIAMITNTTSAAPAR,AASLAMLTNTTSAAPAR
78,20170410_JA2_01.26751.26751.3,3.293,0.398,0.000974,18/44,K.VTDAEIAEVLAR.W,gi|54036848|sp|P63284.1|CLPB_ECOLI,1285.6878,RecName: Full=Chaperone protein ClpB; AltName: Full=Heat shock protein F84.1,K,W,2,VTDAEIAEVLAR,VTDAELAEVLAR
79,20170410_JA2_01.26939.26939.2,3.288,0.422,8.98E-07,17/32,-.M[147.04]KSVLTTVIAAADSGSR.F,"ETNP_100m_particle_PROKKA_144421,ETNP_120m_PROKKA_239026,ETNP_90m_PROKKA_15075",1721.8982,C-phycoerythrin class 2 subunit alpha,-,F,2,MKSVLTTVIAAADSGSR,MKSVLTTVLAAADSGSR
80,20170410_JA2_01.17073.17073.3,3.287,0.449,2.96E-05,24/52,R.SAAVRIPLTGPNPK.A,"ETNP_100m_particle_PROKKA_120141,WP_011129980,WP_036915357,ETNP_90m_PROKKA_37981",1419.8198,Glutamine synthetase,R,A,1,SAAVRIPLTGPNPK,SAAVRLPLTGPNPK
81,20170410_JA2_01.24511.24511.3,3.283,0.394,0.00147,17/60,R.VIGQNEAVDAVSNAIR.R,gi|54036848|sp|P63284.1|CLPB_ECOLI,1654.8638,RecName: Full=Chaperone protein ClpB; AltName: Full=Heat shock protein F84.1,R,R,3,VIGQNEAVDAVSNAIR,VLGQNEAVDAVSNALR
82,20170410_JA2_01.19506.19506.3,3.275,0.388,0.00152,18/64,-.M[147.04]KTPLTEAVAAADSQGR.F,"ETNP_90m_PROKKA_102743,ETNP_120m_particle_PROKKA_157310,ETNP_100m_particle_PROKKA_54273,ETNP_120m_particle_PROKKA_157310,ETNP_120m_particle_PROKKA_157310",1760.8727,R-phycocyanin-2 subunit alpha,-,F,1,MKTPLTEAVAAADSQGR,MKTPLTEAVAAADSQGR
83,20170410_JA2_01.31382.31382.3,3.275,0.613,1.04E-07,15/76,K.SKFPGANIDGADFTDALLDR.S,ETNP14_68mB_PROKKA_64035,2122.0331,Secreted effector protein pipB2,K,S,0,SKFPGANIDGADFTDALLDR,SKFPGANLDGADFTDALLDR
84,20170410_JA2_01.26853.26853.2,3.259,0.638,6.32E-09,16/24,A.PNGEEVPFVFSAK.D,"ETNP_90m_PROKKA_178606,ETNP_90m_PROKKA_17321,ETNP_100m_PROKKA_57551,WP_036913864",1419.7034,Photosystem II manganese-stabilizing polypeptide precursor,A,D,2,PNGEEVPFVFSAK,PNGEEVPFVFSAK
85,20170410_JA2_01.17256.17256.3,3.257,0.45,6.23E-06,22/52,R.SAAVRIPLTGPNPK.A,"ETNP_100m_particle_PROKKA_120141,WP_011129980,WP_036915357,ETNP_90m_PROKKA_37981",1419.8198,Glutamine synthetase,R,A,1,SAAVRIPLTGPNPK,SAAVRLPLTGPNPK
86,20170410_JA2_01.18028.18028.2,3.252,0.552,9.13E-08,16/32,A.AISSGAGNSDFVVGPER.A,"ETNP_90m_PROKKA_178606,ETNP_90m_PROKKA_17321,ETNP_100m_PROKKA_57551",1661.8009,Photosystem II manganese-stabilizing polypeptide precursor,A,A,2,AISSGAGNSDFVVGPER,ALSSGAGNSDFVVGPER
87,20170410_JA2_01.18046.18046.3,3.24,0.424,1.74E-05,17/60,K.LGEVGEKIDLNNASVR.R,"ETNP_100m_PROKKA_02317,ETNP_100m_PROKKA_02317,ETNP_120m_PROKKA_126325,ETNP_90m_PROKKA_27133",1712.9057,Photosystem II 12 kDa extrinsic protein precursor,K,R,2,LGEVGEKIDLNNASVR,LGEVGEKLDLNNASVR
88,20170410_JA2_01.10706.10706.3,3.234,0.388,0.0012,23/64,K.GVNLASESSGGVGKGGR.K,ETNP14_68mB_PROKKA_50287,1530.775,hypothetical protein,K,K,2,GVNLASESSGGVGKGGR,GVNLASESSGGVGKGGR
89,20170410_JA2_01.23825.23825.3,3.231,0.455,0.000253,20/60,R.VIGQNEAVDAVSNAIR.R,gi|54036848|sp|P63284.1|CLPB_ECOLI,1654.8638,RecName: Full=Chaperone protein ClpB; AltName: Full=Heat shock protein F84.1,R,R,3,VIGQNEAVDAVSNAIR,VLGQNEAVDAVSNALR
90,20170410_JA2_01.27220.27220.2,3.22,0.363,0.00048,13/22,K.VTDAEIAEVLAR.W,gi|54036848|sp|P63284.1|CLPB_ECOLI,1285.6878,RecName: Full=Chaperone protein ClpB; AltName: Full=Heat shock protein F84.1,K,W,2,VTDAEIAEVLAR,VTDAELAEVLAR
91,20170410_JA2_01.18938.18938.3,3.217,0.494,1.66E-06,21/72,R.LPQVEGTGGDVQPSQDLVR.V,gi|54036848|sp|P63284.1|CLPB_ECOLI,1994.0069,RecName: Full=Chaperone protein ClpB; AltName: Full=Heat shock protein F84.1,R,V,4,LPQVEGTGGDVQPSQDLVR,LPQVEGTGGDVQPSQDLVR
92,20170410_JA2_01.24374.24374.3,3.207,0.634,1.53E-09,17/76,R.SAQAHGLIPIVC[160.03]VGESDEQR.E,"WP_011130195,ETNP_90m_PROKKA_189444,ETNP_120m_PROKKA_188340,ETNP_100m_PROKKA_46734",2165.0535,triosephosphate isomerase Prochlorococcus marinus,R,E,2,SAQAHGLIPIVCVGESDEQR,SAQAHGLLPLVCVGESDEQR
93,20170410_JA2_01.25769.25769.3,3.205,0.564,1.94E-07,18/92,A.GKIVVGGPYSSVSDAASVLDGSQK.S,"ETNP_100m_PROKKA_02317,ETNP_100m_PROKKA_02317,ETNP_120m_PROKKA_126325,ETNP_90m_PROKKA_27133",2320.1911,Photosystem II 12 kDa extrinsic protein precursor,A,S,4,GKIVVGGPYSSVSDAASVLDGSQK,GKLVVGGPYSSVSDAASVLDGSQK
94,20170410_JA2_01.20103.20103.3,3.204,0.357,0.00381,20/48,-.M[147.04]NKADLVNLVAAR.T,"ETNP_90m_PROKKA_53889,ETNP_90m_PROKKA_53889,ETNP_160m_PROKKA_172610,ETNP_140m_PROKKA_151089,WP_011295240,WP_011130763,ETNP_100m_PROKKA_47820,ETNP_110m_PROKKA_13715,ETNP14_68mB_PROKKA_59190,WP_028952679,ETNP_100m_particle_PROKKA_68767,ETNP_140m_PROKKA_20457,ETNP_90m_PROKKA_93078,ETNP_120m_PROKKA_328578,ETNP_100m_particle_PROKKA_148077,ETNP_90m_PROKKA_82892,ETNP14_68maa_PROKKA_88497",1429.7711,DNA-binding protein HU,-,T,2,MNKADLVNLVAAR,MNKADLVNLVAAR
95,20170410_JA2_01.21234.21234.3,3.202,0.654,3.53E-10,17/88,G.KIVVGGPYSSVSDAASSLDSSQK.S,"ETNP_90m_PROKKA_168214,ETNP_100m_PROKKA_52245,ETNP_120m_PROKKA_24357,ETNP_140m_PROKKA_164346,ETNP_110m_PROKKA_45826,ETNP_160m_PROKKA_83311",2281.1438,Photosystem II 12 kDa extrinsic protein,G,S,3,KIVVGGPYSSVSDAASSLDSSQK,KLVVGGPYSSVSDAASSLDSSQK
96,20170410_JA2_01.26958.26958.2,3.194,0.402,0.000114,16/22,K.VTDAEIAEVLAR.W,gi|54036848|sp|P63284.1|CLPB_ECOLI,1285.6878,RecName: Full=Chaperone protein ClpB; AltName: Full=Heat shock protein F84.1,K,W,2,VTDAEIAEVLAR,VTDAELAEVLAR
97,20170410_JA2_01.26098.26098.3,3.192,0.456,0.0938,16/60,R.VIGQ[129.04]NEAVDAVSNAIR.R,gi|54036848|sp|P63284.1|CLPB_ECOLI,1655.8479,RecName: Full=Chaperone protein ClpB; AltName: Full=Heat shock protein F84.1,R,R,3,VIGQNEAVDAVSNAIR,VLGQNEAVDAVSNALR
98,20170410_JA2_01.26913.26913.3,3.191,0.459,0.00019,20/64,-.M[147.04]KSVLTTVIAAADSGSR.F,"ETNP_100m_particle_PROKKA_144421,ETNP_120m_PROKKA_239026,ETNP_90m_PROKKA_15075",1721.8982,C-phycoerythrin class 2 subunit alpha,-,F,2,MKSVLTTVIAAADSGSR,MKSVLTTVLAAADSGSR
99,20170410_JA2_01.19034.19034.3,3.184,0.304,0.000148,19/60,K.SQISAAVAEANGITKK.E,"ETNP14_68mB_PROKKA_53390,ETNP_90m_PROKKA_103266,ETNP14_120mab_PROKKA_56798,ETNP_100m_PROKKA_30766",1586.8628,DNA-binding protein HU 1,K,E,1,SQISAAVAEANGITKK,SQLSAAVAEANGLTKK
100,20170410_JA2_01.28989.28989.3,3.177,0.586,9.9E-08,14/88,Y.FGIQGTDNGNLTNSFAESELERA.-,"ETNP_110m_PROKKA_04004,ETNP_100m_PROKKA_85480,NP_100m_PROKKA_25090,ETNP_140m_PROKKA_82407,ETNP_100m_PROKKA_85480,ETNP_120m_particle_PROKKA_46067",2469.1408,Photosystem I reaction center subunit IV,Y,-,0,FGIQGTDNGNLTNSFAESELERA,FGLQGTDNGNLTNSFAESELERA
101,20170410_JA2_01.13141.13141.2,3.166,0.671,1.68E-10,17/32,R.GLVAGDC[160.03]GGDNTTGAYR.A,"ETNP14_68maa_PROKKA_171658,ETNP14_120mab_PROKKA_17191",1682.7318,hypothetical protein,R,A,1,GLVAGDCGGDNTTGAYR,GLVAGDCGGDNTTGAYR
102,20170410_JA2_01.19377.19377.3,3.163,0.337,0.00547,16/40,N.KADLVNLVAAR.T,"ETNP_90m_PROKKA_53889,ETNP_90m_PROKKA_53889,ETNP_160m_PROKKA_172610,ETNP_140m_PROKKA_151089,WP_011295240,WP_011130763,ETNP_100m_PROKKA_47820,ETNP_110m_PROKKA_13715,ETNP14_68mB_PROKKA_59190,WP_028952679,ETNP_100m_particle_PROKKA_68767,ETNP_140m_PROKKA_20457,ETNP_90m_PROKKA_93078,ETNP_120m_PROKKA_328578,ETNP_100m_particle_PROKKA_148077,ETNP_90m_PROKKA_82892,ETNP14_68maa_PROKKA_88497",1168.6928,DNA-binding protein HU,N,T,2,KADLVNLVAAR,KADLVNLVAAR
103,20170410_JA2_01.27732.27732.3,3.161,0.582,3.49E-08,17/80,R.QAVSADSSGSFIGGAELASLK.S,"ETNP_90m_PROKKA_15076,ETNP_120m_PROKKA_239025,ETNP_120m_PROKKA_239025",1993.9957,C-phycoerythrin class 2 subunit beta,R,S,1,QAVSADSSGSFIGGAELASLK,QAVSADSSGSFLGGAELASLK
104,20170410_JA2_01.24953.24953.3,3.158,0.511,5.88E-06,21/68,R.VTVEEPFYVRPEEHPGAI.-,"ETNP14_68maa_PROKKA_75202,WP_018047899,NP_85m_PROKKA_04529,ETNP_110m_PROKKA_20909",2068.0266,Selenate reductase subunit beta,R,-,3,VTVEEPFYVRPEEHPGAI,VTVEEPFYVRPEEHPGAL
105,20170410_JA2_01.23006.23006.2,3.157,0.598,4.23E-07,17/34,K.ILSTINDADLNASAAEIK.S,ETNP_120m_PROKKA_67736,1857.9684,hypothetical protein,K,S,0,ILSTINDADLNASAAEIK,LLSTLNDADLNASAAELK
106,20170410_JA2_01.28173.28173.2,3.156,0.632,5.64E-09,15/30,K.YIVEDGASDWPTFAEK.S,"ETNP_90m_PROKKA_63045,ETNP_100m_particle_PROKKA_69298,ETNP_120m_PROKKA_51380,WP_038654216,WP_042850283,ETNP_90m_PROKKA_114429,WP_042504522,WP_042502903",1826.8363,Aliphatic amidase expression-regulating protein,K,S,1,YIVEDGASDWPTFAEK,YLVEDGASDWPTFAEK
107,20170410_JA2_01.26847.26847.2,3.155,0.62,8.54E-10,16/34,V.SADSSGSFIGGAELASLK.S,"ETNP_90m_PROKKA_15076,ETNP_120m_PROKKA_239025,ETNP_120m_PROKKA_239025",1695.8315,C-phycoerythrin class 2 subunit beta,V,S,1,SADSSGSFIGGAELASLK,SADSSGSFLGGAELASLK
108,20170410_JA2_01.24009.24009.2,3.151,0.491,1.63E-06,16/30,R.VIGQNEAVDAVSNAIR.R,gi|54036848|sp|P63284.1|CLPB_ECOLI,1654.8638,RecName: Full=Chaperone protein ClpB; AltName: Full=Heat shock protein F84.1,R,R,3,VIGQNEAVDAVSNAIR,VLGQNEAVDAVSNALR
109,20170410_JA2_01.17862.17862.3,3.147,0.437,3.76E-05,16/60,K.LGEVGEKIDLNNASVR.R,"ETNP_100m_PROKKA_02317,ETNP_100m_PROKKA_02317,ETNP_120m_PROKKA_126325,ETNP_90m_PROKKA_27133",1712.9057,Photosystem II 12 kDa extrinsic protein precursor,K,R,2,LGEVGEKIDLNNASVR,LGEVGEKLDLNNASVR
110,20170410_JA2_01.29982.29982.4,3.135,0.605,6.28E-08,14/192,-.M[147.04]KSVLTTVIAAADSGSRFPSSSDM[147.04]ESVQGAIQR.A,"ETNP_100m_particle_PROKKA_144421,ETNP_120m_PROKKA_239026,ETNP_90m_PROKKA_15075",3457.6817,C-phycoerythrin class 2 subunit alpha,-,A,3,MESVQGAIQR,MESVQGALQR
111,20170410_JA2_01.25265.25265.3,3.134,0.512,3.44E-07,18/56,F.TVTAPEIALNEGFDR.L,"ETNP_100m_PROKKA_02317,ETNP_100m_PROKKA_02317,ETNP_120m_PROKKA_126325,ETNP_90m_PROKKA_27133,ETNP_90m_PROKKA_168214,ETNP_100m_PROKKA_52245,ETNP_120m_PROKKA_24357,ETNP_140m_PROKKA_164346",1631.8155,Photosystem II 12 kDa extrinsic protein precursor,F,L,1,TVTAPEIALNEGFDR,TVTAPELALNEGFDR
112,20170410_JA2_01.22461.22461.2,3.126,0.498,5.87E-05,16/22,K.LGSDEYVLLSEK.D,"ETNP_90m_PROKKA_165094,ETNP_100m_PROKKA_21903,ETNP_110m_PROKKA_01759,ETNP14_68maa_PROKKA_182361,ETNP_160m_PROKKA_115920,ETNP_90m_PROKKA_150919,ETNP_90m_PROKKA_203806,ETNP_120m_free_PROKKA_36507,ETNP_120m_free_PROKKA_36507,ETNP_70m_PROKKA_13039,WP_036905521",1351.6871,10 kDa chaperonin,K,D,1,LGSDEYVLLSEK,LGSDEYVLLSEK
113,20170410_JA2_01.18096.18096.2,3.123,0.479,8.1E-06,15/28,P.DEAAEGITTVGDAVK.Y,"ETNP_100m_PROKKA_74688,ETNP14_68maa_PROKKA_164198,ETNP_160m_PROKKA_92744,ETNP_90m_PROKKA_181880,ETNP_140m_PROKKA_132622",1474.7151,Acyl carrier protein,P,Y,2,DEAAEGITTVGDAVK,DEAAEGLTTVGDAVK
114,20170410_JA2_01.18546.18546.2,3.121,0.319,0.00012,15/22,K.AGISGLTDAVAK.A,ETNP_120m_PROKKA_223412,1101.603,hypothetical protein,K,A,1,AGISGLTDAVAK,AGLSGLTDAVAK
115,20170410_JA2_01.13709.13709.3,3.115,0.547,8.45E-08,19/68,R.AGSGNDVVNSQDGNDIVR.V,ETNP_120m_free_PROKKA_60142,1815.8347,hypothetical protein,R,V,4,AGSGNDVVNSQDGNDIVR,AGSGNDVVNSQDGNDLVR
116,20170410_JA2_01.31172.31172.3,3.114,0.621,4.34E-09,13/100,K.TNYFGIQGTDNGNLTNSFAESELERA.-,"ETNP_110m_PROKKA_04004,ETNP_100m_PROKKA_85480,NP_100m_PROKKA_25090,ETNP_140m_PROKKA_82407,ETNP_100m_PROKKA_85480,ETNP_120m_particle_PROKKA_46067",2847.2947,Photosystem I reaction center subunit IV,K,-,0,TNYFGIQGTDNGNLTNSFAESELERA,TNYFGLQGTDNGNLTNSFAESELERA
117,20170410_JA2_01.13708.13708.4,3.103,0.299,0.00101,19/96,K.LGEAGEKIDLNNSSVRR.F,"ETNP_90m_PROKKA_168214,ETNP_100m_PROKKA_52245,ETNP_120m_PROKKA_24357,ETNP_140m_PROKKA_164346,ETNP_110m_PROKKA_45826,ETNP_160m_PROKKA_83311",1856.9704,Photosystem II 12 kDa extrinsic protein,K,F,1,LGEAGEKIDLNNSSVRR,LGEAGEKLDLNNSSVRR
118,20170410_JA2_01.24479.24479.2,3.101,0.501,0.00449,18/30,R.VIGQNEAVDAVSNAIR.R,gi|54036848|sp|P63284.1|CLPB_ECOLI,1654.8638,RecName: Full=Chaperone protein ClpB; AltName: Full=Heat shock protein F84.1,R,R,3,VIGQNEAVDAVSNAIR,VLGQNEAVDAVSNALR
119,20170410_JA2_01.28940.28940.2,3.096,0.636,7.43E-11,15/52,A.AQWDAETLTVPASPGGQQVTFSEADIK.A,"NP_85m_PROKKA_23185,ETNP14_68mB_PROKKA_05712,ETNP_100m_PROKKA_20700",2845.377,Cytochrome c-550 precursor,A,A,2,AQWDAETLTVPASPGGQQVTFSEADIK,AQWDAETLTVPASPGGQQVTFSEADLK
120,20170410_JA2_01.15955.15955.3,3.094,0.49,8.17E-06,16/60,M.ASYKVTLTSESEGLNK.T,"NP_85m_PROKKA_17356,ETNP_120m_PROKKA_307386,ETNP_110m_PROKKA_09360,ETNP_140m_PROKKA_101160,ETNP_100m_PROKKA_20702",1725.8785,Ferredoxin-1,M,T,1,ASYKVTLTSESEGLNK,ASYKVTLTSESEGLNK
121,20170410_JA2_01.14220.14220.4,3.089,0.409,0.000313,17/78,K.VKDLGDVSKSDLVR.A,"ETNP_140m_PROKKA_125786,ETNP_110m_PROKKA_26060,ETNP_100m_particle_PROKKA_13293,NP_85m_PROKKA_07695,ETNP14_68maa_PROKKA_115320,ETNP_90m_PROKKA_180048,ETNP_90m_PROKKA_62874,ETNP_110m_PROKKA_10944,ETNP_140m_PROKKA_61974,ETNP_100m_particle_PROKKA_129096,ETNP_100m_particle_PROKKA_45033,ETNP_90m_PROKKA_81200,ETNP_120m_PROKKA_207479,ETNP_120m_PROKKA_207479",1529.8413,hypothetical protein,K,A,3,VKDLGDVSKSDLVR,VKDLGDVSKSDLVR
122,20170410_JA2_01.19644.19644.3,3.086,0.384,0.000441,18/60,M.AAVSLSVSTVKPLGDR.V,"ETNP_90m_PROKKA_165094,ETNP_100m_PROKKA_21903,ETNP_110m_PROKKA_01759,ETNP14_68maa_PROKKA_182361,ETNP_160m_PROKKA_115920,ETNP_90m_PROKKA_150919,ETNP_140m_PROKKA_16312,ETNP_120m_PROKKA_272803,ETNP_100m_particle_PROKKA_95343,ETNP14_68maa_PROKKA_81354,ETNP_90m_PROKKA_49827,WP_011130818,ETNP_90m_PROKKA_196241,ETNP_70m_PROKKA_13039,WP_036905521,ETNP14_68maa_PROKKA_102613,ETNP_120m_PROKKA_03508",1598.8992,10 kDa chaperonin,M,V,4,AAVSLSVSTVKPLGDR,AAVSLSVSTVKPLGDR
123,20170410_JA2_01.29118.29118.3,3.08,0.565,2.95E-07,17/104,A.AQWDAETLTVPASPGGQQVTFSEADIK.A,"NP_85m_PROKKA_23185,ETNP14_68mB_PROKKA_05712,ETNP_100m_PROKKA_20700",2845.377,Cytochrome c-550 precursor,A,A,2,AQWDAETLTVPASPGGQQVTFSEADIK,AQWDAETLTVPASPGGQQVTFSEADLK
124,20170410_JA2_01.20133.20133.3,3.078,0.43,2.48E-05,19/56,K.AAELGLPTDEVSLKK.V,ETNP_120m_PROKKA_223412,1569.8614,hypothetical protein,K,V,2,AAELGLPTDEVSLKK,AAELGLPTDEVSLKK
125,20170410_JA2_01.20571.20571.2,3.058,0.495,3.28E-06,14/28,M.SIVSNSIINADAEAR.Y,"WP_038546571,WP_011127357,ETNP_120m_PROKKA_308261,ETNP_120m_PROKKA_308261,ETNP_100m_particle_PROKKA_09323",1558.7951,allophycocyanin Synechococcus sp KORDI-100,M,Y,1,SIVSNSIINADAEAR,SLVSNSLLNADAEAR
126,20170410_JA2_01.27976.27976.2,3.044,0.599,2.9E-09,13/40,R.QAVSADSSGSFIGGAELASLK.S,"ETNP_90m_PROKKA_15076,ETNP_120m_PROKKA_239025,ETNP_120m_PROKKA_239025",1993.9957,C-phycoerythrin class 2 subunit beta,R,S,1,QAVSADSSGSFIGGAELASLK,QAVSADSSGSFLGGAELASLK
127,20170410_JA2_01.32045.32045.3,3.043,0.595,1.98E-09,14/80,R.TQFYNDEPEAIEYGENFIVHR.E,WP_018047900,2570.1714,hypothetical protein Nitrospina sp AB-629-B18,R,E,1,TQFYNDEPEAIEYGENFIVHR,TQFYNDEPEALEYGENFLVHR
128,20170410_JA2_01.19716.19716.2,3.034,0.666,3.61E-11,13/42,K.IVVGGPYSSVSDASSGLDGSQK.S,WP_036913959,2109.0226, photosystem II complex extrinsic protein precursor U Prochlorococcus,K,S,3,IVVGGPYSSVSDASSGLDGSQK,LVVGGPYSSVSDASSGLDGSQK
129,20170410_JA2_01.30578.30578.3,3.027,0.488,3.35E-05,18/48,K.AIDLIDEAASSIR.M,"gi|54036848|sp|P63284.1|CLPB_ECOLI,WP_023559773",1372.7198,RecName: Full=Chaperone protein ClpB; AltName: Full=Heat shock protein F84.1,K,M,0,AIDLIDEAASSIR,ALDLLDEAASSLR
130,20170410_JA2_01.13191.13191.3,3.023,0.407,0.00017,18/44,R.TGYTPESPLKDR.F,"WP_018047900,WP_042251421,NP_85m_PROKKA_04528,ETNP14_120maa_PROKKA_56104,WP_042250442",1362.6779,hypothetical protein Nitrospina sp AB-629-B18,R,F,0,TGYTPESPLKDR,TGYTPESPLKDR
131,20170410_JA2_01.17798.17798.3,3.009,0.463,5.24E-05,17/84,K.DLVADANSSSISTGSEFKGQTR.T,ETNP_90m_PROKKA_178606,2269.0822,Photosystem II manganese-stabilizing polypeptide precursor,K,T,1,DLVADANSSSISTGSEFKGQTR,DLVADANSSSLSTGSEFKGQTR
132,20170410_JA2_01.30818.30818.3,3.004,0.4,0.0001,17/48,K.AIDLIDEAASSIR.M,"gi|54036848|sp|P63284.1|CLPB_ECOLI,WP_023559773",1372.7198,RecName: Full=Chaperone protein ClpB; AltName: Full=Heat shock protein F84.1,K,M,0,AIDLIDEAASSIR,ALDLLDEAASSLR
133,20170410_JA2_01.27118.27118.2,2.996,0.591,1.8E-08,14/24,A.PNGEEVPFVFSAK.D,"ETNP_90m_PROKKA_178606,ETNP_90m_PROKKA_17321,ETNP_100m_PROKKA_57551,WP_036913864",1419.7034,Photosystem II manganese-stabilizing polypeptide precursor,A,D,2,PNGEEVPFVFSAK,PNGEEVPFVFSAK
134,20170410_JA2_01.05903.05903.2,2.99,0.457,0.00352,15/26,K.AAEADANNAEGAAK.T,"ETNP_120m_PROKKA_00651,ETNP_100m_PROKKA_73186",1301.5848,hypothetical protein,K,T,0,AAEADANNAEGAAK,AAEADANNAEGAAK
135,20170410_JA2_01.12233.12233.3,2.99,0.547,2.73E-07,21/108,K.AAEEAAKTEANKATDAPPEAPPAPEQGG.-,"ETNP_90m_PROKKA_09589,ETNP_100m_PROKKA_54311,ETNP_110m_PROKKA_15224",2717.278,hypothetical protein,K,-,0,AAEEAAKTEANKATDAPPEAPPAPEQGG,AAEEAAKTEANKATDAPPEAPPAPEQGG
136,20170410_JA2_01.30729.30729.2,2.989,0.628,1.73E-09,15/30,T.VLAPNGEEVPFVFSAK.D,"ETNP_90m_PROKKA_178606,ETNP_90m_PROKKA_17321,ETNP_100m_PROKKA_57551,WP_036913864",1702.893,Photosystem II manganese-stabilizing polypeptide precursor,T,D,3,VLAPNGEEVPFVFSAK,VLAPNGEEVPFVFSAK
137,20170410_JA2_01.22747.22747.2,2.988,0.593,1.41E-08,13/40,F.GIQGTDNGNLTNSFAESELER.A,"ETNP_110m_PROKKA_04004,ETNP_100m_PROKKA_85480,NP_100m_PROKKA_25090,ETNP_140m_PROKKA_82407,ETNP_100m_PROKKA_85480,ETNP_120m_particle_PROKKA_46067",2251.0353,Photosystem I reaction center subunit IV,F,A,0,GIQGTDNGNLTNSFAESELER,GLQGTDNGNLTNSFAESELER
138,20170410_JA2_01.16048.16048.3,2.984,0.533,1.83E-06,16/64,K.AASIAM[147.04]ITNTTSAAPAR.K,"ETNP_90m_PROKKA_15076,ETNP_120m_PROKKA_239025,ETNP_120m_PROKKA_239025",1661.8407,C-phycoerythrin class 2 subunit beta,K,K,0,AASIAMITNTTSAAPAR,AASLAMLTNTTSAAPAR
139,20170410_JA2_01.18176.18176.2,2.98,0.585,1.89E-07,14/34,G.GPYSSVSDAASSLDSSQK.S,"ETNP_90m_PROKKA_168214,ETNP_100m_PROKKA_52245,ETNP_120m_PROKKA_24357,ETNP_140m_PROKKA_164346,ETNP_110m_PROKKA_45826,ETNP_160m_PROKKA_83311",1784.8065,Photosystem II 12 kDa extrinsic protein,G,S,1,GPYSSVSDAASSLDSSQK,GPYSSVSDAASSLDSSQK
140,20170410_JA2_01.11544.11544.2,2.979,0.38,0.000373,13/22,V.PGATDNSVVGVR.E,ETNP_100m_PROKKA_74107,1170.5993,hypothetical protein,V,E,4,PGATDNSVVGVR,PGATDNSVVGVR
141,20170410_JA2_01.27198.27198.2,2.97,0.559,2.16E-07,15/24,R.C[160.03]ETAC[160.03]PTDFLSIR.V,"ETNP_70m_PROKKA_88762,ETNP14_68maa_PROKKA_121803,WP_006850103,ETNP14_68maa_PROKKA_87488,ETNP_90m_PROKKA_58146,ETNP_110m_PROKKA_06307,ETNP14_68maa_PROKKA_164197,ETNP_100m_PROKKA_74687,ETNP_100m_PROKKA_74687,ETNP_90m_PROKKA_156294,ETNP_90m_PROKKA_156294,NP_30m_PROKKA_07332,WP_007099573,WP_006172463",1568.6963,Photosystem I iron-sulfur center,R,V,1,CPTDFLSIR,CPTDFLSLR
142,20170410_JA2_01.27417.27417.2,2.967,0.637,1.97E-10,15/38,K.AISADSSGGFIGGAELSQLK.A,ETNP_90m_PROKKA_138320,1906.9636,C-phycoerythrin class 2 subunit beta,K,A,0,AISADSSGGFIGGAELSQLK,ALSADSSGGFLGGAELSQLK
143,20170410_JA2_01.15636.15636.2,2.966,0.46,4.85E-05,16/22,Q.PPTVVPGGDLAK.V,"gi|84105383|gb|ABC54663.1|,gi|84105377|gb|ABC54660.1|,gi|1591621868|tpg|DAC74096.1|,gi|1377599527|dbj|GBG33025.1|,gi|1377597314|dbj|GBG35237.1|,XP_003062500,XP_003058621,XP_003080933,XP_003082284,ETNP_120m_particle_PROKKA_209581,ETNP_120m_particle_PROKKA_30032",1149.6394,"alpha tubulin 1, partial [Rhynchopus sp. ATCC 50230]",Q,V,3,PPTVVPGGDLAK,PPTVVPGGDLAK
144,20170410_JA2_01.16223.16223.3,2.965,0.299,0.00714,18/72,K.KAAEEAAAAQ[129.04]AAAEAAAAK.A,"ETNP_120m_PROKKA_00651,ETNP_100m_PROKKA_73186",1713.8533,hypothetical protein,K,A,0,KAAEEAAAAQAAAEAAAAK,KAAEEAAAAQAAAEAAAAK
145,20170410_JA2_01.20492.20492.3,2.963,0.342,0.000814,17/48,-.M[147.04]NKADLVNLVAAR.T,"ETNP_90m_PROKKA_53889,ETNP_90m_PROKKA_53889,ETNP_160m_PROKKA_172610,ETNP_140m_PROKKA_151089,WP_011295240,WP_011130763,ETNP_100m_PROKKA_47820,ETNP_110m_PROKKA_13715,ETNP14_68mB_PROKKA_59190,WP_028952679,ETNP_100m_particle_PROKKA_68767,ETNP_140m_PROKKA_20457,ETNP_90m_PROKKA_93078,ETNP_120m_PROKKA_328578,ETNP_100m_particle_PROKKA_148077,ETNP_90m_PROKKA_82892,ETNP14_68maa_PROKKA_88497",1429.7711,DNA-binding protein HU,-,T,2,MNKADLVNLVAAR,MNKADLVNLVAAR
146,20170410_JA2_01.12181.12181.3,2.957,0.27,0.000711,18/64,R.GIFGGQGTGDGGGKGER.Y,ETNP14_120mab_PROKKA_107578,1548.7281,hypothetical protein,R,Y,0,GIFGGQGTGDGGGKGER,GLFGGQGTGDGGGKGER
147,20170410_JA2_01.14980.14980.3,2.956,0.35,0.000663,18/52,F.SRGDSIGDISGEVR.L,"ETNP_100m_PROKKA_74107,ETNP14_120mac_PROKKA_31841,ETNP14_120mab_PROKKA_101646,WP_018048164",1446.7063,hypothetical protein,F,L,1,SRGDSIGDISGEVR,SRGDSLGDLSGEVR
148,20170410_JA2_01.18352.18352.2,2.953,0.389,0.000824,14/22,K.AGISGLTDAVAK.A,ETNP_120m_PROKKA_223412,1101.603,hypothetical protein,K,A,1,AGISGLTDAVAK,AGLSGLTDAVAK
149,20170410_JA2_01.26866.26866.2,2.953,0.418,1.73E-07,16/32,-.M[147.04]KSVLTTVIAAADSGSR.F,"ETNP_100m_particle_PROKKA_144421,ETNP_120m_PROKKA_239026,ETNP_90m_PROKKA_15075",1721.8982,C-phycoerythrin class 2 subunit alpha,-,F,2,MKSVLTTVIAAADSGSR,MKSVLTTVLAAADSGSR
150,20170410_JA2_01.16184.16184.2,2.944,0.502,4.6E-06,15/32,K.AASIAM[147.04]ITNTTSAAPAR.K,"ETNP_90m_PROKKA_15076,ETNP_120m_PROKKA_239025,ETNP_120m_PROKKA_239025",1661.8407,C-phycoerythrin class 2 subunit beta,K,K,0,AASIAMITNTTSAAPAR,AASLAMLTNTTSAAPAR
151,20170410_JA2_01.18731.18731.2,2.943,0.571,2.41E-07,16/36,R.LPQVEGTGGDVQPSQDLVR.V,gi|54036848|sp|P63284.1|CLPB_ECOLI,1994.0069,RecName: Full=Chaperone protein ClpB; AltName: Full=Heat shock protein F84.1,R,V,4,LPQVEGTGGDVQPSQDLVR,LPQVEGTGGDVQPSQDLVR
152,20170410_JA2_01.20835.20835.3,2.943,0.369,8.1E-10,18/52,R.GLVPAIEAADAM[147.04]TK.A,"ETNP_100m_particle_PROKKA_26451,ETNP_90m_PROKKA_04314,ETNP_90m_PROKKA_30580,ETNP_120m_PROKKA_20159,ETNP_100m_PROKKA_47359,ETNP_160m_PROKKA_02087,ETNP14_68maa_PROKKA_134414,ETNP_110m_PROKKA_33158,WP_006169870,WP_038651783",1401.7174,Major carboxysome shell protein 1A,R,A,1,GLVPAIEAADAMTK,GLVPALEAADAMTK
153,20170410_JA2_01.20346.20346.3,2.927,0.414,0.000328,18/56,K.AAELGLPTDEVSLKK.V,ETNP_120m_PROKKA_223412,1569.8614,hypothetical protein,K,V,2,AAELGLPTDEVSLKK,AAELGLPTDEVSLKK
154,20170410_JA2_01.14550.14550.4,2.921,0.345,0.000204,18/78,K.VKDLGDVSKSDLVR.A,"ETNP_140m_PROKKA_125786,ETNP_110m_PROKKA_26060,ETNP_100m_particle_PROKKA_13293,NP_85m_PROKKA_07695,ETNP14_68maa_PROKKA_115320,ETNP_90m_PROKKA_180048,ETNP_90m_PROKKA_62874,ETNP_110m_PROKKA_10944,ETNP_140m_PROKKA_61974,ETNP_100m_particle_PROKKA_129096,ETNP_100m_particle_PROKKA_45033,ETNP_90m_PROKKA_81200,ETNP_120m_PROKKA_207479,ETNP_120m_PROKKA_207479",1529.8413,hypothetical protein,K,A,3,VKDLGDVSKSDLVR,VKDLGDVSKSDLVR
155,20170410_JA2_01.24622.24622.3,2.921,0.488,2.18E-05,17/52,T.VTAPEIALNEGFDR.L,"ETNP_100m_PROKKA_02317,ETNP_100m_PROKKA_02317,ETNP_120m_PROKKA_126325,ETNP_90m_PROKKA_27133,ETNP_90m_PROKKA_168214,ETNP_100m_PROKKA_52245,ETNP_120m_PROKKA_24357,ETNP_140m_PROKKA_164346",1530.7678,Photosystem II 12 kDa extrinsic protein precursor,T,L,1,VTAPEIALNEGFDR,VTAPELALNEGFDR
156,20170410_JA2_01.15919.15919.3,2.92,0.258,0.0106,18/52,R.AVAAAVLGDANKVK.F,"WP_011282064,NP_85m_PROKKA_09530",1325.7667,amino acid ABC transporter substrate-binding protein Candidatus Pelagibacter ubique,R,F,3,AVAAAVLGDANKVK,AVAAAVLGDANKVK
157,20170410_JA2_01.23106.23106.3,2.911,0.165,0.081,16/48,A.IDTIIDSVVEGKK.V,"ETNP_90m_PROKKA_53889,ETNP_90m_PROKKA_53889,ETNP_160m_PROKKA_172610,ETNP_140m_PROKKA_151089,WP_011295240,WP_011130763,ETNP_100m_PROKKA_47820,ETNP_110m_PROKKA_13715,ETNP14_68mB_PROKKA_59190",1415.7872,DNA-binding protein HU,A,V,3,IDTIIDSVVEGKK,LDTLLDSVVEGKK
158,20170410_JA2_01.26284.26284.2,2.907,0.345,0.0032,13/22,A.IDTIIDSVVEGK.K,"ETNP_90m_PROKKA_53889,ETNP_90m_PROKKA_53889,ETNP_160m_PROKKA_172610,ETNP_140m_PROKKA_151089,WP_011295240,WP_011130763,ETNP_100m_PROKKA_47820,ETNP_110m_PROKKA_13715,ETNP14_68mB_PROKKA_59190",1287.6922,DNA-binding protein HU,A,K,2,IDTIIDSVVEGK,LDTLLDSVVEGK
159,20170410_JA2_01.29782.29782.2,2.907,0.638,2.95E-09,1938-12-01 00:00:00,K.GGQPLFFGEGTYANLSQTAR.W,"ETNP_100m_particle_PROKKA_120141,WP_011129980,WP_036915357,ETNP_110m_PROKKA_40292,WP_011127938",2113.0229,Glutamine synthetase,K,W,0,GGQPLFFGEGTYANLSQTAR,GGQPLFFGEGTYANLSQTAR
160,20170410_JA2_01.33899.33899.2,2.904,0.534,1.21E-06,15/26,R.TGGDPIELFETAVK.N,"ETNP_160m_PROKKA_206881,NP_85m_PROKKA_13246,ETNP_100m_PROKKA_95633,ETNP_90m_PROKKA_125336,WP_011131147",1475.7508,30S ribosomal protein S7,R,N,1,TGGDPIELFETAVK,TGGDPLELFETAVK
161,20170410_JA2_01.17604.17604.3,2.903,0.491,5.45E-06,17/84,K.DLVADANSSSISTGSEFKGQTR.T,ETNP_90m_PROKKA_178606,2269.0822,Photosystem II manganese-stabilizing polypeptide precursor,K,T,1,DLVADANSSSISTGSEFKGQTR,DLVADANSSSLSTGSEFKGQTR
162,20170410_JA2_01.28458.28458.2,2.902,0.581,1.42E-07,16/26,K.VM[147.04]GPNQWGGGKIYF.-,"NP_85m_PROKKA_23185,ETNP14_68mB_PROKKA_05712,ETNP_100m_PROKKA_20700",1568.7446,Cytochrome c-550 precursor,K,-,1,VMGPNQWGGGKIYF,VMGPNQWGGGKLYF
163,20170410_JA2_01.14833.14833.3,2.901,0.477,1.55E-05,16/44,K.VGNPLDTYPDRR.W,WP_018047900,1401.7001,hypothetical protein Nitrospina sp AB-629-B18,K,W,1,VGNPLDTYPDRR,VGNPLDTYPDRR
164,20170410_JA2_01.17667.17667.3,2.891,0.486,2.49E-06,17/60,K.LGEVGEKIDLNNASVR.R,"ETNP_100m_PROKKA_02317,ETNP_100m_PROKKA_02317,ETNP_120m_PROKKA_126325,ETNP_90m_PROKKA_27133",1712.9057,Photosystem II 12 kDa extrinsic protein precursor,K,R,2,LGEVGEKIDLNNASVR,LGEVGEKLDLNNASVR
165,20170410_JA2_01.05002.05002.3,2.889,0.345,0.00126,14/44,L.KAVASGSVSAEK.A,ETNP_120m_PROKKA_44614,1132.6088,hypothetical protein,L,A,2,KAVASGSVSAEK,KAVASGSVSAEK
166,20170410_JA2_01.27160.27160.2,2.877,0.559,1.25E-07,15/38,K.AISADSSGGFIGGAELSQLK.A,ETNP_90m_PROKKA_138320,1906.9636,C-phycoerythrin class 2 subunit beta,K,A,0,AISADSSGGFIGGAELSQLK,ALSADSSGGFLGGAELSQLK
167,20170410_JA2_01.26947.26947.2,2.871,0.565,7E-08,15/26,L.APNGEEVPFVFSAK.D,"ETNP_90m_PROKKA_178606,ETNP_90m_PROKKA_17321,ETNP_100m_PROKKA_57551,WP_036913864",1490.7405,Photosystem II manganese-stabilizing polypeptide precursor,L,D,2,APNGEEVPFVFSAK,APNGEEVPFVFSAK
168,20170410_JA2_01.24245.24245.2,2.869,0.478,0.000541,14/30,R.VIGQNEAVDAVSNAIR.R,gi|54036848|sp|P63284.1|CLPB_ECOLI,1654.8638,RecName: Full=Chaperone protein ClpB; AltName: Full=Heat shock protein F84.1,R,R,3,VIGQNEAVDAVSNAIR,VLGQNEAVDAVSNALR
169,20170410_JA2_01.18044.18044.2,2.868,0.579,1.25E-07,16/28,A.SPGGQQVTFSEADIK.A,"NP_85m_PROKKA_23185,ETNP14_68mB_PROKKA_05712,ETNP_100m_PROKKA_20700",1562.7577,Cytochrome c-550 precursor,A,A,1,SPGGQQVTFSEADIK,SPGGQQVTFSEADLK
170,20170410_JA2_01.27918.27918.2,2.868,0.622,1.42E-08,1942-12-01 00:00:00,K.IVVGGPYSSVSDAASVLDGSQK.S,"ETNP_100m_PROKKA_02317,ETNP_100m_PROKKA_02317,ETNP_120m_PROKKA_126325,ETNP_90m_PROKKA_27133",2135.0746,Photosystem II 12 kDa extrinsic protein precursor,K,S,4,IVVGGPYSSVSDAASVLDGSQK,LVVGGPYSSVSDAASVLDGSQK
171,20170410_JA2_01.15671.15671.2,2.866,0.364,0.00181,14/18,M.TDENLPLGPK.K,"ETNP_90m_PROKKA_122859,ETNP_100m_particle_PROKKA_140193,ETNP_110m_PROKKA_44967,ETNP_100m_particle_PROKKA_140193,ETNP_120m_PROKKA_321604,ETNP_140m_PROKKA_60611,ETNP_120m_PROKKA_115988,ETNP_110m_PROKKA_02539,ETNP_100m_PROKKA_21334,ETNP_90m_PROKKA_59218,NP_85m_PROKKA_11773",1082.5608,Photosystem I reaction center subunit XI,M,K,0,TDENLPLGPK,TDENLPLGPK
172,20170410_JA2_01.15502.15502.2,2.865,0.36,0.00432,14/18,M.TDENLPLGPK.K,"ETNP_90m_PROKKA_122859,ETNP_100m_particle_PROKKA_140193,ETNP_110m_PROKKA_44967,ETNP_100m_particle_PROKKA_140193,ETNP_120m_PROKKA_321604,ETNP_140m_PROKKA_60611,ETNP_120m_PROKKA_115988,ETNP_110m_PROKKA_02539,ETNP_100m_PROKKA_21334,ETNP_90m_PROKKA_59218,NP_85m_PROKKA_11773",1082.5608,Photosystem I reaction center subunit XI,M,K,0,TDENLPLGPK,TDENLPLGPK
173,20170410_JA2_01.27190.27190.2,2.861,0.471,0.000118,15/28,N.VGLDPETLALATPAR.D,"NP_85m_PROKKA_23185,ETNP14_68mB_PROKKA_05712,ETNP_100m_PROKKA_20700",1522.8355,Cytochrome c-550 precursor,N,D,1,VGLDPETLALATPAR,VGLDPETLALATPAR
174,20170410_JA2_01.32198.32198.2,2.859,0.587,1.65E-07,13/28,K.SVLTTVIAAADSGSR.F,"ETNP_100m_particle_PROKKA_144421,ETNP_120m_PROKKA_239026,ETNP_90m_PROKKA_15075",1446.7678,C-phycoerythrin class 2 subunit alpha,K,F,2,SVLTTVIAAADSGSR,SVLTTVLAAADSGSR
175,20170410_JA2_01.22110.22110.3,2.849,0.335,0.00135,17/48,-.MNKADLVNLVAAR.T,"ETNP_90m_PROKKA_53889,ETNP_90m_PROKKA_53889,ETNP_160m_PROKKA_172610,ETNP_140m_PROKKA_151089,WP_011295240,WP_011130763,ETNP_100m_PROKKA_47820,ETNP_110m_PROKKA_13715,ETNP14_68mB_PROKKA_59190,WP_028952679,ETNP_100m_particle_PROKKA_68767,ETNP_140m_PROKKA_20457,ETNP_90m_PROKKA_93078,ETNP_120m_PROKKA_328578,ETNP_100m_particle_PROKKA_148077,ETNP_90m_PROKKA_82892,ETNP14_68maa_PROKKA_88497",1413.7762,DNA-binding protein HU,-,T,2,MNKADLVNLVAAR,MNKADLVNLVAAR
176,20170410_JA2_01.15920.15920.4,2.846,0.288,0.00515,17/96,K.LGEVGEKIDLNNASVRR.F,"ETNP_100m_PROKKA_02317,ETNP_100m_PROKKA_02317,ETNP_120m_PROKKA_126325,ETNP_90m_PROKKA_27133",1869.0068,Photosystem II 12 kDa extrinsic protein precursor,K,F,2,LGEVGEKIDLNNASVRR,LGEVGEKLDLNNASVRR
177,20170410_JA2_01.20095.20095.2,2.846,0.63,2.36E-08,14/36,K.DLVADANSSSISTGSEFKG.Q,ETNP_90m_PROKKA_178606,1883.8749,Photosystem II manganese-stabilizing polypeptide precursor,K,Q,1,DLVADANSSSISTGSEFKG,DLVADANSSSLSTGSEFKG
178,20170410_JA2_01.28550.28550.3,2.842,0.419,5.44E-06,15/72,K.VLQQEGFISEISEEGEGVR.T,"ETNP_140m_PROKKA_143729,WP_011131112,ETNP_120m_PROKKA_231032,ETNP_140m_PROKKA_70385,ETNP_120m_PROKKA_22820,ETNP_90m_PROKKA_141250,NP_85m_PROKKA_10142,ETNP_90m_PROKKA_149067",2105.0277,30S ribosomal protein S8,K,T,2,VLQQEGFISEISEEGEGVR,VLQQEGFLSELSEEGEGVR
179,20170410_JA2_01.22187.22187.3,2.839,0.299,6.21E-05,15/48,R.AVPVTLIEAGPC[160.03]R.L,"ETNP_100m_PROKKA_97628,ETNP_100m_PROKKA_97628,ETNP_110m_PROKKA_45430,ETNP_90m_PROKKA_64991,ETNP_120m_PROKKA_22832,WP_038543150",1381.7388,50S ribosomal protein L3,R,L,2,AVPVTLIEAGPCR,AVPVTLLEAGPCR
180,20170410_JA2_01.35421.35421.2,2.839,0.462,8.6E-07,13/26,D.AAIDTIIDSVVEGK.K,"ETNP_90m_PROKKA_53889,ETNP_90m_PROKKA_53889,ETNP_160m_PROKKA_172610,ETNP_140m_PROKKA_151089,WP_011295240,WP_011130763,ETNP_100m_PROKKA_47820,ETNP_110m_PROKKA_13715,ETNP14_68mB_PROKKA_59190",1429.7664,DNA-binding protein HU,D,K,2,AAIDTIIDSVVEGK,AALDTLLDSVVEGK
181,20170410_JA2_01.22701.22701.2,2.838,0.488,0.000251,15/24,G.TGPLDELAINGQR.E,"ETNP_100m_particle_PROKKA_144421,ETNP_120m_PROKKA_239026,ETNP_90m_PROKKA_15075,WP_038543228",1382.7154,C-phycoerythrin class 2 subunit alpha,G,E,0,TGPLDELAINGQR,TGPLDELALNGQR
182,20170410_JA2_01.17007.17007.2,2.836,0.592,2.11E-09,13/34,M.PFSQSTSTVSPIAGPAGR.A,ETNP_100m_PROKKA_61867,1758.8901,Ferritin,M,A,1,PFSQSTSTVSPIAGPAGR,PFSQSTSTVSPLAGPAGR
183,20170410_JA2_01.12977.12977.3,2.832,0.275,0.014,14/40,D.LGDVSKSDLVR.A,"ETNP_140m_PROKKA_125786,ETNP_110m_PROKKA_26060,ETNP_100m_particle_PROKKA_13293,NP_85m_PROKKA_07695,ETNP14_68maa_PROKKA_115320,ETNP_90m_PROKKA_180048,ETNP_90m_PROKKA_62874,ETNP_110m_PROKKA_10944,ETNP_140m_PROKKA_61974,ETNP_100m_particle_PROKKA_129096,WP_011128382,ETNP_100m_particle_PROKKA_126395,ETNP_120m_PROKKA_113425,ETNP_120m_PROKKA_113425,ETNP_90m_PROKKA_71778,ETNP14_68maa_PROKKA_67735,ETNP_100m_particle_PROKKA_45033,ETNP_90m_PROKKA_81200,ETNP_120m_PROKKA_207479,ETNP_120m_PROKKA_207479",1187.651,hypothetical protein,D,A,2,LGDVSKSDLVR,LGDVSKSDLVR
184,20170410_JA2_01.19604.19604.3,2.832,0.335,0.00453,18/40,N.KADLVNLVAAR.T,"ETNP_90m_PROKKA_53889,ETNP_90m_PROKKA_53889,ETNP_160m_PROKKA_172610,ETNP_140m_PROKKA_151089,WP_011295240,WP_011130763,ETNP_100m_PROKKA_47820,ETNP_110m_PROKKA_13715,ETNP14_68mB_PROKKA_59190,WP_028952679,ETNP_100m_particle_PROKKA_68767,ETNP_140m_PROKKA_20457,ETNP_90m_PROKKA_93078,ETNP_120m_PROKKA_328578,ETNP_100m_particle_PROKKA_148077,ETNP_90m_PROKKA_82892,ETNP14_68maa_PROKKA_88497",1168.6928,DNA-binding protein HU,N,T,2,KADLVNLVAAR,KADLVNLVAAR
185,20170410_JA2_01.30063.30063.2,2.831,0.657,3.47E-12,1948-10-01 00:00:00,K.TNYFGIQGTDNGNLTNSFAESELER.A,"ETNP_110m_PROKKA_04004,ETNP_100m_PROKKA_85480,NP_100m_PROKKA_25090,ETNP_140m_PROKKA_82407,ETNP_100m_PROKKA_85480,ETNP_120m_particle_PROKKA_46067",2776.2576,Photosystem I reaction center subunit IV,K,A,0,TNYFGIQGTDNGNLTNSFAESELER,TNYFGLQGTDNGNLTNSFAESELER
186,20170410_JA2_01.26516.26516.2,2.829,0.407,0.000436,13/22,K.VTDAEIAEVLAR.W,gi|54036848|sp|P63284.1|CLPB_ECOLI,1285.6878,RecName: Full=Chaperone protein ClpB; AltName: Full=Heat shock protein F84.1,K,W,2,VTDAEIAEVLAR,VTDAELAEVLAR
187,20170410_JA2_01.17777.17777.3,2.827,0.479,5.64E-06,15/48,K.NNPVLIGEPGVGK.T,"gi|1576965934|gb|RZR65879.1|,gi|54036848|sp|P63284.1|CLPB_ECOLI,WP_023559773,ETNP_120m_particle_PROKKA_202762,NP_300m_PROKKA_06052,ETNP_300m_PROKKA_14107,ETNP_160m_PROKKA_202407,ETNP_180m_PROKKA_44668,ETNP_120m_PROKKA_54361,ETNP_160m_PROKKA_86107,ETNP14_120maa_PROKKA_19189,ETNP14_120maa_PROKKA_01589,WP_053951796,WP_013260433",1292.7089,heat shock protein 101 [Pochonia chlamydosporia 123],K,T,2,NNPVLIGEPGVGK,NNPVLLGEPGVGK
188,20170410_JA2_01.15075.15075.3,2.826,0.394,0.00121,18/48,S.RGDSIGDISGEVR.L,"ETNP_100m_PROKKA_74107,ETNP14_120mac_PROKKA_31841,ETNP14_120mab_PROKKA_101646,WP_018048164",1359.6743,hypothetical protein,S,L,1,RGDSIGDISGEVR,RGDSLGDLSGEVR
189,20170410_JA2_01.11460.11460.3,2.823,0.495,2.73E-05,18/80,K.TEANKATDAPPEAPPAPEQGG.-,"ETNP_90m_PROKKA_09589,ETNP_100m_PROKKA_54311,ETNP_110m_PROKKA_15224",2046.9494,hypothetical protein,K,-,0,TEANKATDAPPEAPPAPEQGG,TEANKATDAPPEAPPAPEQGG
190,20170410_JA2_01.15466.15466.2,2.823,0.232,0.0256,15/22,R.AVAAAVLGDAGK.V,"ETNP14_68maa_PROKKA_99193,ETNP14_68maa_PROKKA_162902",1041.5819,General L-amino acid-binding periplasmic protein AapJ precursor,R,V,3,AVAAAVLGDAGK,AVAAAVLGDAGK
191,20170410_JA2_01.29737.29737.3,2.819,0.401,0.00206,16/76,K.YKDNFTVTASEIALNEGFDR.L,"ETNP_110m_PROKKA_45826,ETNP_160m_PROKKA_83311",2289.0913,Photosystem II 12 kDa extrinsic protein precursor,K,L,1,YKDNFTVTASEIALNEGFDR,YKDNFTVTASELALNEGFDR
192,20170410_JA2_01.19956.19956.3,2.811,0.385,4E-05,16/52,R.IEEGGNLAYKIQLK.E,"ETNP_100m_particle_PROKKA_120141,WP_011129980,WP_036915357,ETNP_110m_PROKKA_40292,WP_011127938,ETNP_90m_PROKKA_37981",1574.8668,Glutamine synthetase,R,E,0,IEEGGNLAYKIQLK,LEEGGNLAYKLQLK
193,20170410_JA2_01.16064.16064.3,2.809,0.386,0.000339,16/52,R.VATIIVDKGEVVEK.L,"ETNP_100m_particle_PROKKA_42501,ETNP_120m_PROKKA_91980,ETNP_110m_PROKKA_24387",1498.8607,hypothetical protein,R,L,4,VATIIVDKGEVVEK,VATLLVDKGEVVEK
194,20170410_JA2_01.30845.30845.2,2.807,0.596,1.26E-06,15/32,R.YVSYAILAGDASVLQDR.C,"ETNP_90m_PROKKA_15076,ETNP_120m_PROKKA_239025,ETNP_120m_PROKKA_239025",1839.9367,C-phycoerythrin class 2 subunit beta,R,C,2,YVSYAILAGDASVLQDR,YVSYALLAGDASVLQDR
195,20170410_JA2_01.17454.17454.3,2.806,0.434,0.00039,17/40,D.TIIDSVVEGKK.V,"ETNP_90m_PROKKA_53889,ETNP_90m_PROKKA_53889,ETNP_160m_PROKKA_172610,ETNP_140m_PROKKA_151089,WP_011295240,WP_011130763,ETNP_100m_PROKKA_47820,ETNP_110m_PROKKA_13715,ETNP14_68mB_PROKKA_59190,WP_028952679,ETNP_100m_particle_PROKKA_68767,ETNP_140m_PROKKA_20457,ETNP_90m_PROKKA_93078,ETNP_120m_PROKKA_328578,ETNP_100m_particle_PROKKA_148077,ETNP_90m_PROKKA_82892",1187.6762,DNA-binding protein HU,D,V,3,TIIDSVVEGKK,TLLDSVVEGKK
196,20170410_JA2_01.19697.19697.3,2.806,0.368,0.001,19/48,-.M[147.04]NKADLVNLVAAR.T,"ETNP_90m_PROKKA_53889,ETNP_90m_PROKKA_53889,ETNP_160m_PROKKA_172610,ETNP_140m_PROKKA_151089,WP_011295240,WP_011130763,ETNP_100m_PROKKA_47820,ETNP_110m_PROKKA_13715,ETNP14_68mB_PROKKA_59190,WP_028952679,ETNP_100m_particle_PROKKA_68767,ETNP_140m_PROKKA_20457,ETNP_90m_PROKKA_93078,ETNP_120m_PROKKA_328578,ETNP_100m_particle_PROKKA_148077,ETNP_90m_PROKKA_82892,ETNP14_68maa_PROKKA_88497",1429.7711,DNA-binding protein HU,-,T,2,MNKADLVNLVAAR,MNKADLVNLVAAR
197,20170410_JA2_01.20174.20174.2,2.805,0.438,7.31E-05,15/26,K.GLSFGAPGSAGIGK.G,"ETNP_140m_PROKKA_125786,ETNP_110m_PROKKA_26060,ETNP_100m_particle_PROKKA_13293,NP_85m_PROKKA_07695,ETNP14_68maa_PROKKA_115320,ETNP_90m_PROKKA_180048,ETNP_90m_PROKKA_62874,ETNP_110m_PROKKA_10944,ETNP_140m_PROKKA_61974,ETNP_100m_particle_PROKKA_129096",1217.6404,hypothetical protein,K,G,0,GLSFGAPGSAGIGK,GLSFGAPGSAGLGK
198,20170410_JA2_01.24452.24452.3,2.803,0.503,1.16E-06,14/52,K.RC[160.03]ETAC[160.03]PTDFLSIR.V,"ETNP_70m_PROKKA_88762,ETNP14_68maa_PROKKA_121803,WP_006850103,ETNP14_68maa_PROKKA_87488,ETNP_90m_PROKKA_58146,ETNP_110m_PROKKA_06307,ETNP14_68maa_PROKKA_164197,ETNP_100m_PROKKA_74687,ETNP_100m_PROKKA_74687,ETNP_90m_PROKKA_156294,ETNP_90m_PROKKA_156294,NP_30m_PROKKA_07332,WP_007099573,WP_006172463",1724.7974,Photosystem I iron-sulfur center,K,V,1,RCPTDFLSIR,RCPTDFLSLR
199,20170410_JA2_01.07883.07883.3,2.802,0.401,0.00258,15/32,F.DRINDGQYR.-,"ETNP_100m_PROKKA_02317,ETNP_100m_PROKKA_02317,ETNP_120m_PROKKA_126325,ETNP_90m_PROKKA_27133,ETNP_90m_PROKKA_168214,ETNP_100m_PROKKA_52245,ETNP_120m_PROKKA_24357,ETNP_140m_PROKKA_164346,ETNP_110m_PROKKA_45826,ETNP_160m_PROKKA_83311,WP_036913959",1135.537,Photosystem II 12 kDa extrinsic protein precursor,F,-,0,DRINDGQYR,DRLNDGQYR
200,20170410_JA2_01.15083.15083.3,2.802,0.5,2.49E-05,16/60,M.ASYKVTLTSQSEGLNK.T,"ETNP_120m_PROKKA_172531,ETNP_120m_PROKKA_172531,ETNP_140m_PROKKA_82876,ETNP_120m_PROKKA_172531,ETNP_110m_PROKKA_15606,ETNP_100m_PROKKA_46139,ETNP_90m_PROKKA_10440,ETNP_100m_PROKKA_46139",1724.8945,Ferredoxin,M,T,1,ASYKVTLTSQSEGLNK,ASYKVTLTSQSEGLNK
201,20170410_JA2_01.27481.27481.2,2.793,0.358,0.00204,2021-12-22 00:00:00,K.VTDAEIAEVLAR.W,gi|54036848|sp|P63284.1|CLPB_ECOLI,1285.6878,RecName: Full=Chaperone protein ClpB; AltName: Full=Heat shock protein F84.1,K,W,2,VTDAEIAEVLAR,VTDAELAEVLAR
202,20170410_JA2_01.27030.27030.3,2.788,0.381,0.00198,16/48,A.LLDLKPGDEFEIK.L,"ETNP_140m_PROKKA_125786,ETNP_110m_PROKKA_26060,ETNP_100m_particle_PROKKA_13293,NP_85m_PROKKA_07695,ETNP14_68maa_PROKKA_115320,ETNP_90m_PROKKA_180048,ETNP_90m_PROKKA_62874,ETNP_110m_PROKKA_10944,ETNP_140m_PROKKA_61974,ETNP_100m_particle_PROKKA_129096,WP_011128382,ETNP_100m_particle_PROKKA_126395,ETNP_120m_PROKKA_113425,ETNP_120m_PROKKA_113425,ETNP_90m_PROKKA_71778",1515.8185,hypothetical protein,A,L,0,LLDLKPGDEFEIK,LLDLKPGDEFELK
203,20170410_JA2_01.16998.16998.2,2.782,0.655,4.11E-10,13/34,M.PFSQSTSTVSPIAGPAGR.A,ETNP_100m_PROKKA_61867,1758.8901,Ferritin,M,A,1,PFSQSTSTVSPIAGPAGR,PFSQSTSTVSPLAGPAGR
204,20170410_JA2_01.31212.31212.2,2.782,1,5.34E-10,1950-09-01 00:00:00,K.TNYFGIQGTDNGNLTN[115.03]SFAESELERA.-,"ETNP_110m_PROKKA_04004,ETNP_100m_PROKKA_85480,NP_100m_PROKKA_25090,ETNP_140m_PROKKA_82407,ETNP_100m_PROKKA_85480,ETNP_120m_particle_PROKKA_46067",2848.2788,Photosystem I reaction center subunit IV,K,-,0,TNYFGIQGTDNGNLTNSFAESELERA,TNYFGLQGTDNGNLTNSFAESELERA
205,20170410_JA2_01.24265.24265.3,2.781,0.582,4.7E-07,18/60,M.SAHPAPATVNELFSVK.G,"ETNP_120m_PROKKA_50926,ETNP_120m_PROKKA_50926",1666.8679,hypothetical protein,M,G,2,SAHPAPATVNELFSVK,SAHPAPATVNELFSVK
206,20170410_JA2_01.18548.18548.2,2.773,1,0.000133,14/24,K.NNPVLIGEPGVGK.T,"gi|1576965934|gb|RZR65879.1|,gi|54036848|sp|P63284.1|CLPB_ECOLI,WP_023559773,ETNP_120m_particle_PROKKA_202762,NP_300m_PROKKA_06052,ETNP_300m_PROKKA_14107,ETNP_160m_PROKKA_202407,ETNP_180m_PROKKA_44668,ETNP_120m_PROKKA_54361,ETNP_160m_PROKKA_86107,ETNP14_120maa_PROKKA_19189,ETNP14_120maa_PROKKA_01589,WP_053951796,WP_013260433",1292.7089,heat shock protein 101 [Pochonia chlamydosporia 123],K,T,2,NNPVLIGEPGVGK,NNPVLLGEPGVGK
207,20170410_JA2_01.21973.21973.2,2.77,0.614,1.89E-08,13/34,K.VAQEAVDAVYAVHPNGAV.G,"ETNP_100m_particle_PROKKA_144421,ETNP_120m_PROKKA_239026,ETNP_90m_PROKKA_15075",1808.9057,C-phycoerythrin class 2 subunit alpha,K,G,5,VAQEAVDAVYAVHPNGAV,VAQEAVDAVYAVHPNGAV
208,20170410_JA2_01.25961.25961.2,2.768,0.497,1.11E-05,13/34,R.FDNADLSNTNLSGADLLK.S,ETNP14_68mB_PROKKA_64035,1906.9272,Secreted effector protein pipB2,R,S,0,FDNADLSNTNLSGADLLK,FDNADLSNTNLSGADLLK
209,20170410_JA2_01.30548.30548.2,2.766,0.405,0.000392,15/24,K.AIDLIDEAASSIR.M,"gi|54036848|sp|P63284.1|CLPB_ECOLI,WP_023559773",1372.7198,RecName: Full=Chaperone protein ClpB; AltName: Full=Heat shock protein F84.1,K,M,0,AIDLIDEAASSIR,ALDLLDEAASSLR
210,20170410_JA2_01.27090.27090.2,2.765,0.503,1.24E-05,14/30,R.IINEPTAAAIAYGLDK.T,"gi|33694252|gb|AAQ24864.1|,gi|1591621862|tpg|DAC74099.1|,gi|1377608097|dbj|GBG24605.1|,gi|1377608097|dbj|GBG24605.1|,gi|1377601052|dbj|GBG31505.1|,gi|605052126|gb|AHV85518.1|,gi|417149|sp|P10591.4|HSP71_YEAST,gi|123624|sp|P10592.3|HSP72_YEAST,XP_003074861,XP_003064239,EJK49298,XP_003055985,EJK51576,EJK52355",1658.8879,"heat shock protein 70, partial [Rhynchopus sp. ATCC 50230]",R,T,0,IINEPTAAAIAYGLDK,LLNEPTAAALAYGLDK
211,20170410_JA2_01.18409.18409.2,2.764,0.32,0.0218,14/20,G.PLDELAINGQR.E,"ETNP_100m_particle_PROKKA_144421,ETNP_120m_PROKKA_239026,ETNP_90m_PROKKA_15075,WP_038543228",1224.6463,C-phycoerythrin class 2 subunit alpha,G,E,0,PLDELAINGQR,PLDELALNGQR
212,20170410_JA2_01.23547.23547.2,2.76,0.263,0.00384,2021-12-18 00:00:00,K.ADLVNLVAAR.T,"ETNP_90m_PROKKA_53889,ETNP_90m_PROKKA_53889,ETNP_160m_PROKKA_172610,ETNP_140m_PROKKA_151089,WP_011295240,WP_011130763,ETNP_100m_PROKKA_47820,ETNP_110m_PROKKA_13715,ETNP14_68mB_PROKKA_59190,WP_028952679,ETNP_100m_particle_PROKKA_68767,ETNP_140m_PROKKA_20457,ETNP_90m_PROKKA_93078,ETNP_120m_PROKKA_328578,ETNP_100m_particle_PROKKA_148077,ETNP_90m_PROKKA_82892,ETNP14_68maa_PROKKA_88497",1040.5978,DNA-binding protein HU,K,T,2,ADLVNLVAAR,ADLVNLVAAR
213,20170410_JA2_01.16033.16033.2,2.759,0.567,7.66E-06,15/32,G.PYSSVSDAASSLDSSQK.S,"ETNP_90m_PROKKA_168214,ETNP_100m_PROKKA_52245,ETNP_120m_PROKKA_24357,ETNP_140m_PROKKA_164346,ETNP_110m_PROKKA_45826,ETNP_160m_PROKKA_83311",1727.785,Photosystem II 12 kDa extrinsic protein,G,S,1,PYSSVSDAASSLDSSQK,PYSSVSDAASSLDSSQK
214,20170410_JA2_01.11918.11918.3,2.757,0.37,1.75E-05,14/44,K.DGEFPEKVNEGR.V,ETNP_90m_PROKKA_24349,1375.6368,Photosystem I reaction center subunit II,K,V,2,DGEFPEKVNEGR,DGEFPEKVNEGR
215,20170410_JA2_01.16838.16838.2,2.755,0.455,1.17E-05,14/22,A.VLAGDASVLQDR.A,ETNP_90m_PROKKA_138320,1242.6568,C-phycoerythrin class 2 subunit beta,A,A,2,VLAGDASVLQDR,VLAGDASVLQDR
216,20170410_JA2_01.17638.17638.3,2.754,0.266,0.01,14/48,R.LEAADKLAAGLDK.V,"ETNP_120m_free_PROKKA_147965,ETNP_120m_free_PROKKA_147965,ETNP_140m_PROKKA_48972,ETNP_100m_particle_PROKKA_112482",1313.7191,C-phycoerythrin class 1 subunit alpha,R,V,1,LEAADKLAAGLDK,LEAADKLAAGLDK
217,20170410_JA2_01.30747.30747.2,2.754,0.375,0.001,14/24,K.AIDLIDEAASSIR.M,"gi|54036848|sp|P63284.1|CLPB_ECOLI,WP_023559773",1372.7198,RecName: Full=Chaperone protein ClpB; AltName: Full=Heat shock protein F84.1,K,M,0,AIDLIDEAASSIR,ALDLLDEAASSLR
218,20170410_JA2_01.26248.26248.2,2.745,0.271,0.000198,13/18,K.AAVEQLFDVR.V,"WP_036912641,WP_011131101,ETNP_140m_PROKKA_79476,ETNP_100m_PROKKA_84887,ETNP_100m_PROKKA_84887,ETNP_90m_PROKKA_64993,ETNP_100m_PROKKA_84887",1146.6033, 50S ribosomal protein L23 Prochlorococcus,K,V,3,AAVEQLFDVR,AAVEQLFDVR
219,20170410_JA2_01.16037.16037.2,2.74,0.26,0.0724,14/20,K.LGEAGEKIDLN.N,"ETNP_90m_PROKKA_168214,ETNP_100m_PROKKA_52245,ETNP_120m_PROKKA_24357,ETNP_140m_PROKKA_164346,ETNP_110m_PROKKA_45826,ETNP_160m_PROKKA_83311",1157.5928,Photosystem II 12 kDa extrinsic protein,K,N,0,LGEAGEKIDLN,LGEAGEKLDLN
220,20170410_JA2_01.19545.19545.3,2.74,0.475,0.000246,17/72,R.LPQVEGTGGDVQ[129.04]PSQDLVR.V,gi|54036848|sp|P63284.1|CLPB_ECOLI,1994.9909,RecName: Full=Chaperone protein ClpB; AltName: Full=Heat shock protein F84.1,R,V,4,LPQVEGTGGDVQPSQDLVR,LPQVEGTGGDVQPSQDLVR
221,20170410_JA2_01.18864.18864.3,2.737,0.407,0.000107,18/60,K.SQISAAVAEANGITKK.E,"ETNP14_68mB_PROKKA_53390,ETNP_90m_PROKKA_103266,ETNP14_120mab_PROKKA_56798,ETNP_100m_PROKKA_30766",1586.8628,DNA-binding protein HU 1,K,E,1,SQISAAVAEANGITKK,SQLSAAVAEANGLTKK
222,20170410_JA2_01.16484.16484.2,2.729,0.465,5.44E-05,13/24,A.DIAGLTPC[160.03]AENAR.F,"ETNP_100m_PROKKA_92665,ETNP_90m_PROKKA_03594,ETNP_160m_PROKKA_78370",1386.6562,Photosystem I reaction center subunit III precursor,A,F,0,DIAGLTPCAENAR,DLAGLTPCAENAR
223,20170410_JA2_01.32029.32029.2,2.716,0.608,9.86E-09,13/34,K.DNFTVTASEIALNEGFDR.L,"ETNP_110m_PROKKA_45826,ETNP_160m_PROKKA_83311",1997.9331,Photosystem II 12 kDa extrinsic protein precursor,K,L,1,DNFTVTASEIALNEGFDR,DNFTVTASELALNEGFDR
224,20170410_JA2_01.13692.13692.3,2.715,0.617,7.84E-07,17/68,R.AGAGDDEVNAGSGDDIVR.L,ETNP_120m_PROKKA_15747,1716.7551,hypothetical protein,R,L,2,AGAGDDEVNAGSGDDIVR,AGAGDDEVNAGSGDDLVR
225,20170410_JA2_01.29403.29403.2,2.712,0.637,5.95E-10,13/38,R.ALTTGVDYAQGLVALGGDDK.V,"ETNP_90m_PROKKA_17321,ETNP_100m_PROKKA_57551,WP_036913864",1962.9898,Photosystem II manganese-stabilizing polypeptide precursor,R,V,3,ALTTGVDYAQGLVALGGDDK,ALTTGVDYAQGLVALGGDDK
226,20170410_JA2_01.21532.21532.3,2.708,0.48,1.79E-05,16/48,R.VFPGGDTEFLHPK.D,"ETNP14_68maa_PROKKA_166963,ETNP_90m_PROKKA_24349,WP_011131077,WP_036911259,ETNP_120m_free_PROKKA_147575",1442.7194,Photosystem I reaction center subunit II,R,D,1,VFPGGDTEFLHPK,VFPGGDTEFLHPK
227,20170410_JA2_01.27178.27178.3,2.707,0.439,0.000997,15/64,-.M[147.04]KSVLTTVIAAADSGSR.F,"ETNP_100m_particle_PROKKA_144421,ETNP_120m_PROKKA_239026,ETNP_90m_PROKKA_15075",1721.8982,C-phycoerythrin class 2 subunit alpha,-,F,2,MKSVLTTVIAAADSGSR,MKSVLTTVLAAADSGSR
228,20170410_JA2_01.13605.13605.3,2.705,0.429,8.44E-05,17/60,K.SQTATAVAEANGLTKK.Q,"ETNP_180m_PROKKA_186130,ETNP_120m_particle_PROKKA_84698,ETNP_110m_PROKKA_07182,ETNP_100m_particle_PROKKA_00928,ETNP_120m_particle_PROKKA_84698,ETNP_300m_PROKKA_15120,ETNP_140m_PROKKA_148186,ETNP_160m_PROKKA_164678",1588.842,DNA-binding protein HU 1,K,Q,1,SQTATAVAEANGLTKK,SQTATAVAEANGLTKK
229,20170410_JA2_01.26662.26662.2,2.704,0.464,0.000147,2021-12-22 00:00:00,K.AYTALLDLKPGD.E,"ETNP_140m_PROKKA_125786,ETNP_110m_PROKKA_26060,ETNP_100m_particle_PROKKA_13293,NP_85m_PROKKA_07695,ETNP14_68maa_PROKKA_115320,ETNP_90m_PROKKA_180048,ETNP_90m_PROKKA_62874,ETNP_110m_PROKKA_10944,ETNP_140m_PROKKA_61974,ETNP_100m_particle_PROKKA_129096,WP_011128382,ETNP14_68mB_PROKKA_50287,ETNP_100m_particle_PROKKA_126395,ETNP_120m_PROKKA_113425,ETNP_120m_PROKKA_113425,ETNP_90m_PROKKA_71778",1275.6711,hypothetical protein,K,E,0,AYTALLDLKPGD,AYTALLDLKPGD
230,20170410_JA2_01.22576.22576.3,2.701,0.334,0.000907,16/48,-.MNKADLVNLVAAR.T,"ETNP_90m_PROKKA_53889,ETNP_90m_PROKKA_53889,ETNP_160m_PROKKA_172610,ETNP_140m_PROKKA_151089,WP_011295240,WP_011130763,ETNP_100m_PROKKA_47820,ETNP_110m_PROKKA_13715,ETNP14_68mB_PROKKA_59190,WP_028952679,ETNP_100m_particle_PROKKA_68767,ETNP_140m_PROKKA_20457,ETNP_90m_PROKKA_93078,ETNP_120m_PROKKA_328578,ETNP_100m_particle_PROKKA_148077,ETNP_90m_PROKKA_82892,ETNP14_68maa_PROKKA_88497",1413.7762,DNA-binding protein HU,-,T,2,MNKADLVNLVAAR,MNKADLVNLVAAR
231,20170410_JA2_01.17347.17347.3,2.698,0.417,1.02E-05,17/64,K.GLSFGAPGSAGIGKGGR.K,"ETNP_140m_PROKKA_125786,ETNP_110m_PROKKA_26060,ETNP_100m_particle_PROKKA_13293,NP_85m_PROKKA_07695,ETNP14_68maa_PROKKA_115320,ETNP_90m_PROKKA_180048,ETNP_90m_PROKKA_62874,ETNP_110m_PROKKA_10944,ETNP_140m_PROKKA_61974,ETNP_100m_particle_PROKKA_129096",1487.7845,hypothetical protein,K,K,0,GLSFGAPGSAGIGKGGR,GLSFGAPGSAGLGKGGR
232,20170410_JA2_01.14232.14232.3,2.695,0.394,0.00023,19/52,K.VKDLGDVSKSDLVR.A,"ETNP_140m_PROKKA_125786,ETNP_110m_PROKKA_26060,ETNP_100m_particle_PROKKA_13293,NP_85m_PROKKA_07695,ETNP14_68maa_PROKKA_115320,ETNP_90m_PROKKA_180048,ETNP_90m_PROKKA_62874,ETNP_110m_PROKKA_10944,ETNP_140m_PROKKA_61974,ETNP_100m_particle_PROKKA_129096,ETNP_100m_particle_PROKKA_45033,ETNP_90m_PROKKA_81200,ETNP_120m_PROKKA_207479,ETNP_120m_PROKKA_207479",1529.8413,hypothetical protein,K,A,3,VKDLGDVSKSDLVR,VKDLGDVSKSDLVR
233,20170410_JA2_01.16678.16678.2,2.694,0.487,0.000186,13/24,A.DIAGLTPC[160.03]AENAR.F,"ETNP_100m_PROKKA_92665,ETNP_90m_PROKKA_03594,ETNP_160m_PROKKA_78370",1386.6562,Photosystem I reaction center subunit III precursor,A,F,0,DIAGLTPCAENAR,DLAGLTPCAENAR
234,20170410_JA2_01.08611.08611.3,2.691,0.406,0.00111,16/36,K.TFSDSADVKR.L,"ETNP_90m_PROKKA_94806,ETNP_120m_PROKKA_123375",1124.5462,Photosystem II 44 kDa reaction center protein,K,L,1,TFSDSADVKR,TFSDSADVKR
235,20170410_JA2_01.18097.18097.2,2.691,0.382,0.00273,2021-12-20 00:00:00,R.DATDAVAEELR.S,ETNP14_68maa_PROKKA_25273,1188.5622,Periplasmic dipeptide transport protein precursor,R,S,1,DATDAVAEELR,DATDAVAEELR
236,20170410_JA2_01.22234.22234.2,2.691,0.474,0.000175,13/26,S.YAVLAGDASVLQDR.A,ETNP_90m_PROKKA_138320,1476.7573,C-phycoerythrin class 2 subunit beta,S,A,2,YAVLAGDASVLQDR,YAVLAGDASVLQDR
237,20170410_JA2_01.09651.09651.3,2.69,0.438,4.19E-06,13/40,R.IGENTNPAKLK.F,"ETNP14_68maa_PROKKA_166963,ETNP_90m_PROKKA_24349",1183.6561,Photosystem I reaction center subunit II,R,F,0,IGENTNPAKLK,LGENTNPAKLK
238,20170410_JA2_01.17142.17142.2,2.687,0.423,0.00111,14/20,D.PETLALATPAR.D,"NP_85m_PROKKA_23185,ETNP14_68mB_PROKKA_05712,ETNP_100m_PROKKA_20700",1138.6346,Cytochrome c-550 precursor,D,D,0,PETLALATPAR,PETLALATPAR
239,20170410_JA2_01.27920.27920.2,2.681,0.614,2.33E-09,13/42,K.IVVGGPYSSVSDAASVLDGSQK.S,"ETNP_100m_PROKKA_02317,ETNP_100m_PROKKA_02317,ETNP_120m_PROKKA_126325,ETNP_90m_PROKKA_27133",2135.0746,Photosystem II 12 kDa extrinsic protein precursor,K,S,4,IVVGGPYSSVSDAASVLDGSQK,LVVGGPYSSVSDAASVLDGSQK
240,20170410_JA2_01.19009.19009.2,2.678,0.393,0.000102,16/22,K.TAGGILLPDTAK.E,"ETNP_90m_PROKKA_165094,ETNP_100m_PROKKA_21903,ETNP_110m_PROKKA_01759,ETNP14_68maa_PROKKA_182361,ETNP_160m_PROKKA_115920,ETNP_90m_PROKKA_150919,ETNP_140m_PROKKA_16312,ETNP_120m_PROKKA_272803,ETNP_100m_particle_PROKKA_95343,ETNP_90m_PROKKA_203806,ETNP_120m_free_PROKKA_36507,ETNP_120m_free_PROKKA_36507,ETNP14_68maa_PROKKA_81354,ETNP_90m_PROKKA_49827,WP_011130818,ETNP_90m_PROKKA_196241,ETNP_70m_PROKKA_13039,WP_036905521,ETNP14_68maa_PROKKA_102613,ETNP_120m_PROKKA_03508,ETNP14_120maa_PROKKA_164944,ETNP14_68mB_PROKKA_109194,ETNP14_120maa_PROKKA_164944,NP_300m_PROKKA_33636,ETNP14_120maa_PROKKA_135572,WP_022735528,ETNP14_120mac_PROKKA_44562,NP_100m_PROKKA_26486,NP_300m_PROKKA_50598,ETNP14_120maa_PROKKA_171014,ETNP_120m_particle_PROKKA_100212,ETNP14_120mac_PROKKA_46383,NP_125m_PROKKA_21296,ETNP14_120mac_PROKKA_46382,ETNP14_68mB_PROKKA_02367,ETNP14_120mab_PROKKA_51832,ETNP14_68mB_PROKKA_82092,ETNP14_68mB_PROKKA_82092,ETNP14_68maa_PROKKA_173056,ETNP14_120maa_PROKKA_174080",1155.6499,10 kDa chaperonin,K,E,0,TAGGILLPDTAK,TAGGLLLPDTAK
241,20170410_JA2_01.14370.14370.3,2.672,0.431,0.000189,14/44,K.DGVFPEKVNEGR.V,"ETNP14_68maa_PROKKA_166963,WP_011131077,WP_036911259,ETNP_120m_free_PROKKA_147575,ETNP14_68maa_PROKKA_93702,WP_042851104",1345.6626,Photosystem I reaction center subunit II,K,V,3,DGVFPEKVNEGR,DGVFPEKVNEGR
242,20170410_JA2_01.06694.06694.3,2.67,0.598,5.53E-07,19/60,R.SYGGASADASSHDAGR.T,ETNP_110m_PROKKA_11629,1507.6288,"RNA recognition motif. (a.k.a. RRM, RBD, or RNP domain)",R,T,0,SYGGASADASSHDAGR,SYGGASADASSHDAGR
243,20170410_JA2_01.30708.30708.3,2.666,0.577,2.9E-07,1988-12-01 00:00:00,R.ALTTGVDYAQGLVALGGDDKVLK.D,"ETNP_90m_PROKKA_17321,ETNP_100m_PROKKA_57551",2303.2373,Photosystem II manganese-stabilizing polypeptide precursor,R,D,3,ALTTGVDYAQGLVALGGDDKVLK,ALTTGVDYAQGLVALGGDDKVLK
244,20170410_JA2_01.07236.07236.3,2.663,0.229,0.0972,14/40,K.AAQLISSQKGK.S,ETNP_120m_PROKKA_44614,1129.6455,hypothetical protein,K,S,0,AAQLISSQKGK,AAQLLSSQKGK
245,20170410_JA2_01.10021.10021.3,2.663,0.522,6.51E-06,17/52,C.DTYTTDKSGLAAQR.T,"ETNP14_68maa_PROKKA_99193,WP_011282064,ETNP14_68maa_PROKKA_162902,NP_100m_PROKKA_12960,NP_85m_PROKKA_09530,ETNP14_68maa_PROKKA_79872,ETNP_120m_particle_PROKKA_90527,ETNP_150m_particle_PROKKA_41519,ETNP14_120maa_PROKKA_111366,ETNP14_120maa_PROKKA_147886,ETNP14_120maa_PROKKA_66447,ETNP_120m_PROKKA_313997,ETNP14_68maa_PROKKA_64086,ETNP14_120maa_PROKKA_142729,ETNP14_68mB_PROKKA_95524,ETNP14_120mab_PROKKA_36093,ETNP14_68mB_PROKKA_183810,ETNP14_120mab_PROKKA_51545,ETNP14_68maa_PROKKA_181927,ETNP14_120maa_PROKKA_173526,ETNP14_120mab_PROKKA_85648,ETNP14_120mab_PROKKA_93722,ETNP_100m_PROKKA_27346,Fosmid_PROKKA_01487,ETNP14_68mB_PROKKA_31228,ETNP14_68maa_PROKKA_191513",1525.7372,General L-amino acid-binding periplasmic protein AapJ precursor,C,T,0,DTYTTDKSGLAAQR,DTYTTDKSGLAAQR
246,20170410_JA2_01.16955.16955.2,2.662,0.427,0.000898,14/22,Q.IRLVPAGEADEE.-,"ETNP_140m_PROKKA_125786,ETNP_110m_PROKKA_26060,ETNP_100m_particle_PROKKA_13293,NP_85m_PROKKA_07695,ETNP14_68maa_PROKKA_115320,ETNP_90m_PROKKA_180048",1297.6514,hypothetical protein,Q,-,1,IRLVPAGEADEE,LRLVPAGEADEE
247,20170410_JA2_01.21762.21762.3,2.662,0.471,5.87E-05,16/48,R.VFPGGDTEFLHPK.D,"ETNP14_68maa_PROKKA_166963,ETNP_90m_PROKKA_24349,WP_011131077,WP_036911259,ETNP_120m_free_PROKKA_147575",1442.7194,Photosystem I reaction center subunit II,R,D,1,VFPGGDTEFLHPK,VFPGGDTEFLHPK
248,20170410_JA2_01.19951.19951.2,2.661,0.453,0.000314,13/24,-.M[147.04]NKADLVNLVAAR.T,"ETNP_90m_PROKKA_53889,ETNP_90m_PROKKA_53889,ETNP_160m_PROKKA_172610,ETNP_140m_PROKKA_151089,WP_011295240,WP_011130763,ETNP_100m_PROKKA_47820,ETNP_110m_PROKKA_13715,ETNP14_68mB_PROKKA_59190,WP_028952679,ETNP_100m_particle_PROKKA_68767,ETNP_140m_PROKKA_20457,ETNP_90m_PROKKA_93078,ETNP_120m_PROKKA_328578,ETNP_100m_particle_PROKKA_148077,ETNP_90m_PROKKA_82892,ETNP14_68maa_PROKKA_88497",1429.7711,DNA-binding protein HU,-,T,2,MNKADLVNLVAAR,MNKADLVNLVAAR
249,20170410_JA2_01.20886.20886.2,2.659,0.352,0.0566,14/20,A.PEIALNEGFDR.L,"ETNP_100m_PROKKA_02317,ETNP_100m_PROKKA_02317,ETNP_120m_PROKKA_126325,ETNP_90m_PROKKA_27133,ETNP_90m_PROKKA_168214,ETNP_100m_PROKKA_52245,ETNP_120m_PROKKA_24357,ETNP_140m_PROKKA_164346",1259.6146,Photosystem II 12 kDa extrinsic protein precursor,A,L,0,PEIALNEGFDR,PELALNEGFDR
250,20170410_JA2_01.22809.22809.3,2.658,0.333,0.000122,16/44,L.LDLKPGDEFEIK.L,"ETNP_140m_PROKKA_125786,ETNP_110m_PROKKA_26060,ETNP_100m_particle_PROKKA_13293,NP_85m_PROKKA_07695,ETNP14_68maa_PROKKA_115320,ETNP_90m_PROKKA_180048,ETNP_90m_PROKKA_62874,ETNP_110m_PROKKA_10944,ETNP_140m_PROKKA_61974,ETNP_100m_particle_PROKKA_129096,WP_011128382,ETNP_100m_particle_PROKKA_126395,ETNP_120m_PROKKA_113425,ETNP_120m_PROKKA_113425,ETNP_90m_PROKKA_71778",1402.7344,hypothetical protein,L,L,0,LDLKPGDEFEIK,LDLKPGDEFELK
251,20170410_JA2_01.16404.16404.2,2.652,0.636,1.06E-08,1940-11-01 00:00:00,N.EVEGGQLQEGDTVEYEETEGR.K,"ETNP_120m_PROKKA_236375,ETNP_90m_PROKKA_08829",2353.0194,hypothetical protein,N,K,2,EVEGGQLQEGDTVEYEETEGR,EVEGGQLQEGDTVEYEETEGR
252,20170410_JA2_01.19282.19282.2,2.649,0.426,0.00301,14/22,T.ASEIALNEGFDR.L,"ETNP_110m_PROKKA_45826,ETNP_160m_PROKKA_83311",1320.631,Photosystem II 12 kDa extrinsic protein precursor,T,L,0,ASEIALNEGFDR,ASELALNEGFDR
253,20170410_JA2_01.14697.14697.2,2.647,0.281,0.0531,14/22,R.AVAAAVLGDANK.V,"WP_011282064,NP_85m_PROKKA_09530",1098.6033,amino acid ABC transporter substrate-binding protein Candidatus Pelagibacter ubique,R,V,3,AVAAAVLGDANK,AVAAAVLGDANK
254,20170410_JA2_01.17410.17410.2,2.646,0.385,0.00362,15/20,L.PGGEIVPALQK.G,"ETNP14_68maa_PROKKA_78515,NP_85m_PROKKA_09702,NP_125m_PROKKA_07506,ETNP14_68maa_PROKKA_144097,ETNP14_68maa_PROKKA_58668,ETNP14_120maa_PROKKA_54071,NP_85m_PROKKA_10653,NP_125m_PROKKA_02672,NP_85m_PROKKA_14278,NP_300m_PROKKA_22657,ETNP_100m_particle_PROKKA_120937,ETNP_120m_PROKKA_178829,ETNP14_120maa_PROKKA_147628,NP_300m_PROKKA_20959,ETNP_120m_PROKKA_78196,ETNP_120m_PROKKA_51847,NP_100m_PROKKA_09018,ETNP_100m_PROKKA_87174,ETNP_120m_PROKKA_147642,ETNP_140m_PROKKA_69877,ETNP14_120maa_PROKKA_106485,ETNP_180m_PROKKA_32538,NP_300m_PROKKA_02121,ETNP_120m_free_PROKKA_239923,ETNP14_68mB_PROKKA_22634,ETNP_160m_PROKKA_171332,ETNP14_68mB_PROKKA_135467,ETNP14_68mB_PROKKA_55915",1107.6288,Monocarboxylate 2-oxoacid-binding periplasmic protein precursor,L,G,1,PGGEIVPALQK,PGGELVPALQK
255,20170410_JA2_01.13544.13544.4,2.645,0.251,0.3,16/96,K.LGEAGEKIDLNNSSVRR.F,"ETNP_90m_PROKKA_168214,ETNP_100m_PROKKA_52245,ETNP_120m_PROKKA_24357,ETNP_140m_PROKKA_164346,ETNP_110m_PROKKA_45826,ETNP_160m_PROKKA_83311",1856.9704,Photosystem II 12 kDa extrinsic protein,K,F,1,LGEAGEKIDLNNSSVRR,LGEAGEKLDLNNSSVRR
256,20170410_JA2_01.26694.26694.2,2.645,0.509,3.26E-06,2021-12-24 00:00:00,K.GYISPYFVTDTDR.M,"ETNP_120m_PROKKA_201607,ETNP_120m_free_PROKKA_208087",1532.7147,60 kDa chaperonin 2,K,M,1,GYISPYFVTDTDR,GYLSPYFVTDTDR
257,20170410_JA2_01.20383.20383.2,2.641,0.401,0.000526,14/18,D.PALDGVYDIK.M,"WP_018047900,WP_042251421,NP_85m_PROKKA_04528,ETNP14_120maa_PROKKA_56104,WP_042250442",1089.5706,hypothetical protein Nitrospina sp AB-629-B18,D,M,1,PALDGVYDIK,PALDGVYDLK
258,20170410_JA2_01.15130.15130.2,2.64,0.51,0.0353,16/30,K.LGEAGEKIDLNNSSVR.R,"ETNP_90m_PROKKA_168214,ETNP_100m_PROKKA_52245,ETNP_120m_PROKKA_24357,ETNP_140m_PROKKA_164346,ETNP_110m_PROKKA_45826,ETNP_160m_PROKKA_83311",1700.8693,Photosystem II 12 kDa extrinsic protein,K,R,1,LGEAGEKIDLNNSSVR,LGEAGEKLDLNNSSVR
259,20170410_JA2_01.18262.18262.2,2.637,0.62,1.19E-08,14/30,M.SSDSSSNIQSVLQEQR.V,ETNP_140m_PROKKA_13333,1763.8286,Acetyl-coenzyme A synthetase,M,V,2,SSDSSSNIQSVLQEQR,SSDSSSNLQSVLQEQR
260,20170410_JA2_01.14791.14791.2,2.635,0.56,8.24E-09,14/30,P.YSSVSDAASSLDSSQK.S,"ETNP_90m_PROKKA_168214,ETNP_100m_PROKKA_52245,ETNP_120m_PROKKA_24357,ETNP_140m_PROKKA_164346,ETNP_110m_PROKKA_45826,ETNP_160m_PROKKA_83311",1630.7322,Photosystem II 12 kDa extrinsic protein,P,S,1,YSSVSDAASSLDSSQK,YSSVSDAASSLDSSQK
261,20170410_JA2_01.15472.15472.3,2.632,0.366,0.000412,17/60,K.LGEAGEKIDLNNSSVR.R,"ETNP_90m_PROKKA_168214,ETNP_100m_PROKKA_52245,ETNP_120m_PROKKA_24357,ETNP_140m_PROKKA_164346,ETNP_110m_PROKKA_45826,ETNP_160m_PROKKA_83311",1700.8693,Photosystem II 12 kDa extrinsic protein,K,R,1,LGEAGEKIDLNNSSVR,LGEAGEKLDLNNSSVR
262,20170410_JA2_01.24584.24584.3,2.631,0.559,1.09E-07,21/80,R.KAISADSSGGFIGGAELSQLK.A,ETNP_90m_PROKKA_138320,2035.0586,C-phycoerythrin class 2 subunit beta,R,A,0,KAISADSSGGFIGGAELSQLK,KALSADSSGGFLGGAELSQLK
263,20170410_JA2_01.17567.17567.2,2.629,0.629,1.03E-07,14/32,A.AITDGAGNSDFVVGNER.S,WP_036913864,1720.8016, photosystem II manganese-stabilizing polypeptide Prochlorococcus,A,S,2,AITDGAGNSDFVVGNER,ALTDGAGNSDFVVGNER
264,20170410_JA2_01.19153.19153.2,2.629,0.247,0.0149,13/20,A.SEIALNEGFDR.L,"ETNP_110m_PROKKA_45826,ETNP_160m_PROKKA_83311",1249.5939,Photosystem II 12 kDa extrinsic protein precursor,A,L,0,SEIALNEGFDR,SELALNEGFDR
265,20170410_JA2_01.20029.20029.2,2.629,0.6,3.22E-07,1934-12-01 00:00:00,K.DLVADANSSSISTGSEFK.G,ETNP_90m_PROKKA_178606,1826.8534,Photosystem II manganese-stabilizing polypeptide precursor,K,G,1,DLVADANSSSISTGSEFK,DLVADANSSSLSTGSEFK
266,20170410_JA2_01.27086.27086.3,2.629,0.564,1.02E-06,13/48,R.C[160.03]ETAC[160.03]PTDFLSIR.V,"ETNP_70m_PROKKA_88762,ETNP14_68maa_PROKKA_121803,WP_006850103,ETNP14_68maa_PROKKA_87488,ETNP_90m_PROKKA_58146,ETNP_110m_PROKKA_06307,ETNP14_68maa_PROKKA_164197,ETNP_100m_PROKKA_74687,ETNP_100m_PROKKA_74687,ETNP_90m_PROKKA_156294,ETNP_90m_PROKKA_156294,NP_30m_PROKKA_07332,WP_007099573,WP_006172463",1568.6963,Photosystem I iron-sulfur center,R,V,1,CPTDFLSIR,CPTDFLSLR
267,20170410_JA2_01.33550.33550.2,2.628,0.32,5.64E-05,13/22,K.VSILGFGSFEPR.D,"ETNP_90m_PROKKA_53889,ETNP_90m_PROKKA_53889,ETNP_160m_PROKKA_172610,ETNP_140m_PROKKA_151089,WP_011295240,WP_011130763,ETNP_100m_PROKKA_47820,ETNP_110m_PROKKA_13715,ETNP14_68mB_PROKKA_59190,WP_028952679,ETNP_100m_particle_PROKKA_68767,ETNP_140m_PROKKA_20457,ETNP_90m_PROKKA_93078,ETNP_120m_PROKKA_328578,ETNP_100m_particle_PROKKA_148077,ETNP_90m_PROKKA_82892,ETNP14_68maa_PROKKA_88497",1307.6874,DNA-binding protein HU,K,D,1,VSILGFGSFEPR,VSLLGFGSFEPR
268,20170410_JA2_01.09768.09768.2,2.627,0.426,0.000495,2021-11-18 00:00:00,K.GPQASNVVPK.-,"WP_017952242,ETNP14_120mab_PROKKA_61205,ETNP_100m_PROKKA_87042",995.54, cold-shock protein Nitrospina,K,-,2,GPQASNVVPK,GPQASNVVPK
269,20170410_JA2_01.21516.21516.2,2.627,0.494,5.97E-05,2021-10-26 00:00:00,K.VAQEAVDAVYAVHP.N,"ETNP_100m_particle_PROKKA_144421,ETNP_120m_PROKKA_239026,ETNP_90m_PROKKA_15075",1467.7358,C-phycoerythrin class 2 subunit alpha,K,N,4,VAQEAVDAVYAVHP,VAQEAVDAVYAVHP
270,20170410_JA2_01.18385.18385.2,2.623,0.502,1.18E-06,1936-12-01 00:00:00,V.GGPYSSVSDAASSLDSSQK.S,"ETNP_90m_PROKKA_168214,ETNP_100m_PROKKA_52245,ETNP_120m_PROKKA_24357,ETNP_140m_PROKKA_164346,ETNP_110m_PROKKA_45826,ETNP_160m_PROKKA_83311",1841.8279,Photosystem II 12 kDa extrinsic protein,V,S,2,GGPYSSVSDAASSLDSSQK,GGPYSSVSDAASSLDSSQK
271,20170410_JA2_01.22938.22938.2,2.623,0.695,1.15E-10,1942-11-01 00:00:00,K.IVVGGPYSSVSDAASSLDSSQK.S,"ETNP_90m_PROKKA_168214,ETNP_100m_PROKKA_52245,ETNP_120m_PROKKA_24357,ETNP_140m_PROKKA_164346,ETNP_110m_PROKKA_45826,ETNP_160m_PROKKA_83311",2153.0488,Photosystem II 12 kDa extrinsic protein,K,S,3,IVVGGPYSSVSDAASSLDSSQK,LVVGGPYSSVSDAASSLDSSQK
272,20170410_JA2_01.08575.08575.3,2.621,0.273,0.002,13/40,K.ALQSDSALKAK.L,ETNP_120m_PROKKA_74132,1130.6295,hypothetical protein,K,L,0,ALQSDSALKAK,ALQSDSALKAK
273,20170410_JA2_01.25685.25685.2,2.62,0.59,7.62E-06,13/30,R.YADLNLDEQTLINEGR.H,"ETNP_140m_PROKKA_116680,ETNP_100m_particle_PROKKA_43440,ETNP_100m_particle_PROKKA_43440,ETNP14_68maa_PROKKA_78816,ETNP_110m_PROKKA_46656,ETNP_90m_PROKKA_24753,ETNP_160m_PROKKA_96972",1862.901,Ribulose bisphosphate carboxylase,R,H,0,YADLNLDEQTLINEGR,YADLNLDEQTLLNEGR
274,20170410_JA2_01.16952.16952.2,2.619,0.404,0.000917,13/20,D.PETLALATPAR.D,"NP_85m_PROKKA_23185,ETNP14_68mB_PROKKA_05712,ETNP_100m_PROKKA_20700",1138.6346,Cytochrome c-550 precursor,D,D,0,PETLALATPAR,PETLALATPAR
275,20170410_JA2_01.20403.20403.2,2.617,0.514,5.17E-05,2021-12-22 00:00:00,R.QEDGIVLIDQSR.C,"ETNP14_68maa_PROKKA_75202,WP_018047899,NP_85m_PROKKA_04529,ETNP_160m_PROKKA_141719",1371.6994,Selenate reductase subunit beta,R,C,1,QEDGIVLIDQSR,QEDGLVLLDQSR
276,20170410_JA2_01.20978.20978.3,2.616,0.403,0.000775,20/44,L.DTIIDSVVEGKK.V,"ETNP_90m_PROKKA_53889,ETNP_90m_PROKKA_53889,ETNP_160m_PROKKA_172610,ETNP_140m_PROKKA_151089,WP_011295240,WP_011130763,ETNP_100m_PROKKA_47820,ETNP_110m_PROKKA_13715,ETNP14_68mB_PROKKA_59190",1302.7031,DNA-binding protein HU,L,V,3,DTIIDSVVEGKK,DTLLDSVVEGKK
277,20170410_JA2_01.22052.22052.2,2.614,0.51,8.26E-07,15/24,K.VGDPIAALDGAPK.W,"ETNP_100m_PROKKA_13914,ETNP_100m_PROKKA_13914,ETNP_120m_PROKKA_140329,ETNP_90m_PROKKA_151410",1222.6558,hypothetical protein,K,W,1,VGDPIAALDGAPK,VGDPLAALDGAPK
278,20170410_JA2_01.33563.33563.3,2.613,0.558,4.12E-07,1980-12-01 00:00:00,R.IQFYNDEPEAIEYGENFIVHR.E,"WP_042251421,NP_85m_PROKKA_04528,ETNP14_120maa_PROKKA_56104",2582.2078,nitrate oxidoreductase subunit alpha  partial Nitrospina gracilis,R,E,1,IQFYNDEPEAIEYGENFIVHR,LQFYNDEPEALEYGENFLVHR
279,20170410_JA2_01.16263.16263.2,2.612,0.375,0.000562,13/14,K.PGDEFEIK.L,"ETNP_140m_PROKKA_125786,ETNP_110m_PROKKA_26060,ETNP_100m_particle_PROKKA_13293,NP_85m_PROKKA_07695,ETNP14_68maa_PROKKA_115320,ETNP_90m_PROKKA_180048,ETNP_90m_PROKKA_62874,ETNP_110m_PROKKA_10944,ETNP_140m_PROKKA_61974,ETNP_100m_particle_PROKKA_129096,WP_011128382,ETNP_100m_particle_PROKKA_126395,ETNP_120m_PROKKA_113425,ETNP_120m_PROKKA_113425,ETNP_90m_PROKKA_71778",933.4444,hypothetical protein,K,L,0,PGDEFEIK,PGDEFELK
280,20170410_JA2_01.18162.18162.2,2.607,0.554,9.2E-05,13/24,K.NNPVLIGEPGVGK.T,"gi|1576965934|gb|RZR65879.1|,gi|54036848|sp|P63284.1|CLPB_ECOLI,WP_023559773,ETNP_120m_particle_PROKKA_202762,NP_300m_PROKKA_06052,ETNP_300m_PROKKA_14107,ETNP_160m_PROKKA_202407,ETNP_180m_PROKKA_44668,ETNP_120m_PROKKA_54361,ETNP_160m_PROKKA_86107,ETNP14_120maa_PROKKA_19189,ETNP14_120maa_PROKKA_01589,WP_053951796,WP_013260433",1292.7089,heat shock protein 101 [Pochonia chlamydosporia 123],K,T,2,NNPVLIGEPGVGK,NNPVLLGEPGVGK
281,20170410_JA2_01.24898.24898.2,2.6,0.649,1.21E-09,1942-11-01 00:00:00,F.GIQGTDNGNLTNSFAESELERA.-,"ETNP_110m_PROKKA_04004,ETNP_100m_PROKKA_85480,NP_100m_PROKKA_25090,ETNP_140m_PROKKA_82407,ETNP_100m_PROKKA_85480,ETNP_120m_particle_PROKKA_46067",2322.0724,Photosystem I reaction center subunit IV,F,-,0,GIQGTDNGNLTNSFAESELERA,GLQGTDNGNLTNSFAESELERA
282,20170410_JA2_01.32166.32166.2,2.597,0.327,0.00262,13/24,A.AIDTIIDSVVEGK.K,"ETNP_90m_PROKKA_53889,ETNP_90m_PROKKA_53889,ETNP_160m_PROKKA_172610,ETNP_140m_PROKKA_151089,WP_011295240,WP_011130763,ETNP_100m_PROKKA_47820,ETNP_110m_PROKKA_13715,ETNP14_68mB_PROKKA_59190",1358.7293,DNA-binding protein HU,A,K,2,AIDTIIDSVVEGK,ALDTLLDSVVEGK
283,20170410_JA2_01.16369.16369.2,2.596,0.367,0.00047,14/20,M.AAVSLSVSTVK.P,"ETNP_90m_PROKKA_165094,ETNP_100m_PROKKA_21903,ETNP_110m_PROKKA_01759,ETNP14_68maa_PROKKA_182361,ETNP_140m_PROKKA_16312,ETNP14_68maa_PROKKA_81354,ETNP_90m_PROKKA_49827,WP_011130818,ETNP_90m_PROKKA_196241,ETNP_70m_PROKKA_13039,WP_036905521,ETNP14_68maa_PROKKA_102613,ETNP_120m_PROKKA_03508",1060.6128,10 kDa chaperonin,M,P,3,AAVSLSVSTVK,AAVSLSVSTVK
284,20170410_JA2_01.31025.31025.2,2.593,0.601,5.93E-07,16/34,R.LVPGFEAPVNLVYSQGNR.S,"ETNP_100m_particle_PROKKA_120141,WP_011129980,WP_036915357,ETNP_110m_PROKKA_40292,WP_038652138",1959.0214,Glutamine synthetase,R,S,3,LVPGFEAPVNLVYSQGNR,LVPGFEAPVNLVYSQGNR
285,20170410_JA2_01.31032.31032.3,2.59,0.512,1.64E-05,15/68,R.LVPGFEAPVNLVYSQGNR.S,"ETNP_100m_particle_PROKKA_120141,WP_011129980,WP_036915357,ETNP_110m_PROKKA_40292,WP_038652138",1959.0214,Glutamine synthetase,R,S,3,LVPGFEAPVNLVYSQGNR,LVPGFEAPVNLVYSQGNR
286,20170410_JA2_01.14416.14416.3,2.587,0.383,0.00324,17/44,K.EINSADDLKGLK.M,"ETNP_120m_PROKKA_310245,ETNP_120m_PROKKA_310245,NP_300m_PROKKA_08503,ETNP_110m_PROKKA_29371,ETNP_120m_PROKKA_262541,ETNP14_68maa_PROKKA_122161,ETNP_120m_PROKKA_285902,ETNP_90m_PROKKA_198222,WP_019307727,ETNP14_120maa_PROKKA_81829,ETNP14_120maa_PROKKA_181412,ETNP_300m_PROKKA_35557,NP_300m_PROKKA_08904,ETNP_180m_PROKKA_225488,ETNP14_68maa_PROKKA_83503,ETNP14_68mB_PROKKA_11066",1301.6827,Alpha-keto acid-binding periplasmic protein TakP precursor,K,M,0,EINSADDLKGLK,ELNSADDLKGLK
287,20170410_JA2_01.30970.30970.2,2.586,0.297,0.00359,2021-12-24 00:00:00,K.AIDLIDEAASSIR.M,"gi|54036848|sp|P63284.1|CLPB_ECOLI,WP_023559773",1372.7198,RecName: Full=Chaperone protein ClpB; AltName: Full=Heat shock protein F84.1,K,M,0,AIDLIDEAASSIR,ALDLLDEAASSLR
288,20170410_JA2_01.16508.16508.2,2.585,0.37,0.00625,2021-12-14 00:00:00,R.TGDFLDPK.S,"ETNP14_68maa_PROKKA_139945,ETNP14_68maa_PROKKA_65160",891.4338,Photosystem II manganese-stabilizing polypeptide precursor,R,S,0,TGDFLDPK,TGDFLDPK
289,20170410_JA2_01.24698.24698.3,2.585,0.385,0.000349,15/68,R.VTVEEPFYVRPEEHPGAI.-,"ETNP14_68maa_PROKKA_75202,WP_018047899,NP_85m_PROKKA_04529,ETNP_110m_PROKKA_20909",2068.0266,Selenate reductase subunit beta,R,-,3,VTVEEPFYVRPEEHPGAI,VTVEEPFYVRPEEHPGAL
290,20170410_JA2_01.25206.25206.3,2.583,0.386,0.023,13/100,K.AAEEAAAAQAAAEAAAAKAAQEAAAR.A,"ETNP_120m_PROKKA_00651,ETNP_100m_PROKKA_73186",2353.1622,hypothetical protein,K,A,0,AAEEAAAAQAAAEAAAAKAAQEAAAR,AAEEAAAAQAAAEAAAAKAAQEAAAR
291,20170410_JA2_01.17245.17245.3,2.581,0.367,0.0143,15/40,D.TIIDSVVEGKK.V,"ETNP_90m_PROKKA_53889,ETNP_90m_PROKKA_53889,ETNP_160m_PROKKA_172610,ETNP_140m_PROKKA_151089,WP_011295240,WP_011130763,ETNP_100m_PROKKA_47820,ETNP_110m_PROKKA_13715,ETNP14_68mB_PROKKA_59190,WP_028952679,ETNP_100m_particle_PROKKA_68767,ETNP_140m_PROKKA_20457,ETNP_90m_PROKKA_93078,ETNP_120m_PROKKA_328578,ETNP_100m_particle_PROKKA_148077,ETNP_90m_PROKKA_82892",1187.6762,DNA-binding protein HU,D,V,3,TIIDSVVEGKK,TLLDSVVEGKK
292,20170410_JA2_01.23042.23042.3,2.573,0.299,0.001,15/44,L.LDLKPGDEFEIK.L,"ETNP_140m_PROKKA_125786,ETNP_110m_PROKKA_26060,ETNP_100m_particle_PROKKA_13293,NP_85m_PROKKA_07695,ETNP14_68maa_PROKKA_115320,ETNP_90m_PROKKA_180048,ETNP_90m_PROKKA_62874,ETNP_110m_PROKKA_10944,ETNP_140m_PROKKA_61974,ETNP_100m_particle_PROKKA_129096,WP_011128382,ETNP_100m_particle_PROKKA_126395,ETNP_120m_PROKKA_113425,ETNP_120m_PROKKA_113425,ETNP_90m_PROKKA_71778",1402.7344,hypothetical protein,L,L,0,LDLKPGDEFEIK,LDLKPGDEFELK
293,20170410_JA2_01.29979.29979.3,2.572,0.489,6.26E-06,1976-11-01 00:00:00,R.ALTTGVEYAQGLVALGGDDK.E,ETNP_90m_PROKKA_178606,1977.0055,Photosystem II manganese-stabilizing polypeptide precursor,R,E,2,ALTTGVEYAQGLVALGGDDK,ALTTGVEYAQGLVALGGDDK
294,20170410_JA2_01.19793.19793.2,2.571,0.297,0.00448,2021-12-26 00:00:00,E.TFGALGVPTGSAAR.A,ETNP_90m_PROKKA_138320,1303.6885,C-phycoerythrin class 2 subunit beta,E,A,1,TFGALGVPTGSAAR,TFGALGVPTGSAAR
295,20170410_JA2_01.27465.27465.2,2.569,0.584,5.18E-08,1936-12-01 00:00:00,A.VSADSSGSFIGGAELASLK.S,"ETNP_90m_PROKKA_15076,ETNP_120m_PROKKA_239025,ETNP_120m_PROKKA_239025",1794.9,C-phycoerythrin class 2 subunit beta,A,S,1,VSADSSGSFIGGAELASLK,VSADSSGSFLGGAELASLK
296,20170410_JA2_01.18215.18215.2,2.567,0.318,0.0759,14/20,G.PLDELAINGQR.E,"ETNP_100m_particle_PROKKA_144421,ETNP_120m_PROKKA_239026,ETNP_90m_PROKKA_15075,WP_038543228",1224.6463,C-phycoerythrin class 2 subunit alpha,G,E,0,PLDELAINGQR,PLDELALNGQR
297,20170410_JA2_01.07963.07963.3,2.564,0.346,0.000246,15/48,A.KISAAPSAAAAEK.L,ETNP_120m_PROKKA_74132,1213.6667,hypothetical protein,A,L,0,KISAAPSAAAAEK,KLSAAPSAAAAEK
298,20170410_JA2_01.15203.15203.2,2.563,0.372,0.000584,2021-12-22 00:00:00,K.LGEAGEKIDLNN.S,"ETNP_90m_PROKKA_168214,ETNP_100m_PROKKA_52245,ETNP_120m_PROKKA_24357,ETNP_140m_PROKKA_164346,ETNP_110m_PROKKA_45826,ETNP_160m_PROKKA_83311",1271.6357,Photosystem II 12 kDa extrinsic protein,K,S,0,LGEAGEKIDLNN,LGEAGEKLDLNN
299,20170410_JA2_01.18905.18905.2,2.559,0.302,0.000749,14/18,K.IADVAYLAQR.N,"ETNP_120m_PROKKA_310245,ETNP_120m_PROKKA_310245,NP_300m_PROKKA_08503,ETNP_110m_PROKKA_29371",1118.6084,Alpha-keto acid-binding periplasmic protein TakP precursor,K,N,1,IADVAYLAQR,LADVAYLAQR
300,20170410_JA2_01.25292.25292.2,2.559,0.484,8.88E-06,1934-12-01 00:00:00,R.AGSGDDIVIAGAGDDLIR.G,ETNP_100m_particle_PROKKA_73227,1713.8533,Poly(beta-D-mannuronate) C5 epimerase 7,R,G,1,AGSGDDIVIAGAGDDLIR,AGSGDDLVLAGAGDDLLR
301,20170410_JA2_01.15505.15505.2,2.558,0.563,8.97E-07,13/30,R.FPSSSDM[147.04]ESVQGAIQR.A,"ETNP_100m_particle_PROKKA_144421,ETNP_120m_PROKKA_239026,ETNP_90m_PROKKA_15075",1753.7941,C-phycoerythrin class 2 subunit alpha,R,A,1,FPSSSDMESVQGAIQR,FPSSSDMESVQGALQR
302,20170410_JA2_01.22870.22870.3,2.555,0.177,0.16,17/48,A.IDTIIDSVVEGKK.V,"ETNP_90m_PROKKA_53889,ETNP_90m_PROKKA_53889,ETNP_160m_PROKKA_172610,ETNP_140m_PROKKA_151089,WP_011295240,WP_011130763,ETNP_100m_PROKKA_47820,ETNP_110m_PROKKA_13715,ETNP14_68mB_PROKKA_59190",1415.7872,DNA-binding protein HU,A,V,3,IDTIIDSVVEGKK,LDTLLDSVVEGKK
303,20170410_JA2_01.17497.17497.3,2.554,0.357,0.000745,14/48,R.KYFSESDEQINLR.A,"ETNP_120m_particle_PROKKA_74000,ETNP_90m_PROKKA_172483,NP_85m_PROKKA_13686",1627.7842,Triosephosphate isomerase,R,A,0,KYFSESDEQINLR,KYFSESDEQLNLR
304,20170410_JA2_01.19122.19122.3,2.551,0.339,0.000368,14/40,L.DLKPGDEFEIK.L,"ETNP_140m_PROKKA_125786,ETNP_110m_PROKKA_26060,ETNP_100m_particle_PROKKA_13293,NP_85m_PROKKA_07695,ETNP14_68maa_PROKKA_115320,ETNP_90m_PROKKA_180048,ETNP_90m_PROKKA_62874,ETNP_110m_PROKKA_10944,ETNP_140m_PROKKA_61974,ETNP_100m_particle_PROKKA_129096,WP_011128382,ETNP_100m_particle_PROKKA_126395,ETNP_120m_PROKKA_113425,ETNP_120m_PROKKA_113425,ETNP_90m_PROKKA_71778",1289.6503,hypothetical protein,L,L,0,DLKPGDEFEIK,DLKPGDEFELK
305,20170410_JA2_01.26771.26771.3,2.55,0.347,0.00866,14/48,A.LLDLKPGDEFEIK.L,"ETNP_140m_PROKKA_125786,ETNP_110m_PROKKA_26060,ETNP_100m_particle_PROKKA_13293,NP_85m_PROKKA_07695,ETNP14_68maa_PROKKA_115320,ETNP_90m_PROKKA_180048,ETNP_90m_PROKKA_62874,ETNP_110m_PROKKA_10944,ETNP_140m_PROKKA_61974,ETNP_100m_particle_PROKKA_129096,WP_011128382,ETNP_100m_particle_PROKKA_126395,ETNP_120m_PROKKA_113425,ETNP_120m_PROKKA_113425,ETNP_90m_PROKKA_71778",1515.8185,hypothetical protein,A,L,0,LLDLKPGDEFEIK,LLDLKPGDEFELK
306,20170410_JA2_01.19236.19236.3,2.546,0.375,9.72E-05,15/56,K.VAQEAVDAVYAVHPN.G,"ETNP_100m_particle_PROKKA_144421,ETNP_120m_PROKKA_239026,ETNP_90m_PROKKA_15075",1581.7787,C-phycoerythrin class 2 subunit alpha,K,G,4,VAQEAVDAVYAVHPN,VAQEAVDAVYAVHPN
307,20170410_JA2_01.31209.31209.2,2.546,0.385,0.000676,2021-12-24 00:00:00,K.AIDLIDEAASSIR.M,"gi|54036848|sp|P63284.1|CLPB_ECOLI,WP_023559773",1372.7198,RecName: Full=Chaperone protein ClpB; AltName: Full=Heat shock protein F84.1,K,M,0,AIDLIDEAASSIR,ALDLLDEAASSLR
308,20170410_JA2_01.21372.21372.2,2.545,0.585,6.28E-08,1932-12-01 00:00:00,K.YLGSTGGLLNSAETEEK.H,"ETNP14_68maa_PROKKA_166963,ETNP_90m_PROKKA_24349,WP_011131077,WP_036911259,ETNP_120m_free_PROKKA_147575",1767.8527,Photosystem I reaction center subunit II,K,H,0,YLGSTGGLLNSAETEEK,YLGSTGGLLNSAETEEK
309,20170410_JA2_01.25057.25057.2,2.541,0.302,0.000365,2021-12-18 00:00:00,M.ANAALETLLK.A,ETNP_120m_PROKKA_44614,1042.6023,hypothetical protein,M,A,0,ANAALETLLK,ANAALETLLK
310,20170410_JA2_01.26921.26921.2,2.539,0.511,1.31E-05,13/24,R.GYLSPYFVTDSER.M,"ETNP_120m_free_PROKKA_91848,ETNP_120m_PROKKA_107315,NP_300m_PROKKA_18836,ETNP14_120maa_PROKKA_05544,ETNP_90m_PROKKA_127932,ETNP_90m_PROKKA_172685,ETNP_120m_particle_PROKKA_22718",1532.7147,60 kDa chaperonin 5,R,M,1,GYLSPYFVTDSER,GYLSPYFVTDSER
311,20170410_JA2_01.16510.16510.3,2.538,0.511,0.000625,17/56,R.QAPEVGVGDKVLYSK.Y,"ETNP_90m_PROKKA_203806,ETNP_120m_free_PROKKA_36507,ETNP_120m_free_PROKKA_36507,ETNP14_68maa_PROKKA_81354,ETNP_90m_PROKKA_49827,WP_011130818,ETNP_90m_PROKKA_196241",1588.8461,10 kDa chaperonin,R,Y,3,QAPEVGVGDKVLYSK,QAPEVGVGDKVLYSK
312,20170410_JA2_01.17922.17922.3,2.537,0.284,0.000737,17/64,-.M[147.04]KTPLTEAVSAADSQGR.F,ETNP_90m_PROKKA_121047,1776.8676,R-phycocyanin-2 subunit alpha,-,F,1,MKTPLTEAVSAADSQGR,MKTPLTEAVSAADSQGR
313,20170410_JA2_01.21564.21564.2,2.527,1,7.62E-08,2021-12-30 00:00:00,T.DNGNLTNSFAESELER.A,"ETNP_110m_PROKKA_04004,ETNP_100m_PROKKA_85480,NP_100m_PROKKA_25090,ETNP_140m_PROKKA_82407,ETNP_100m_PROKKA_85480,ETNP_120m_particle_PROKKA_46067",1794.802,Photosystem I reaction center subunit IV,T,A,0,DNGNLTNSFAESELER,DNGNLTNSFAESELER
314,20170410_JA2_01.24122.24122.2,2.527,0.52,0.000115,2021-12-24 00:00:00,K.LAFYDYVGNSPAK.G,"ETNP_90m_PROKKA_94806,ETNP_120m_PROKKA_123375,ETNP14_68maa_PROKKA_41492,ETNP_60m_PROKKA_17178",1443.7034,Photosystem II 44 kDa reaction center protein,K,G,1,LAFYDYVGNSPAK,LAFYDYVGNSPAK
316,20170410_JA2_01.24140.24140.2,2.519,0.394,0.00018,2021-12-22 00:00:00,T.ALTSGEIDILSR.N,"ETNP14_68maa_PROKKA_99193,WP_011282064,ETNP14_68maa_PROKKA_162902,NP_100m_PROKKA_12960,ETNP14_68maa_PROKKA_64086,ETNP_100m_PROKKA_27346",1273.6878,General L-amino acid-binding periplasmic protein AapJ precursor,T,N,0,ALTSGEIDILSR,ALTSGELDLLSR
317,20170410_JA2_01.26240.26240.2,2.516,0.558,4.75E-06,1934-10-01 00:00:00,T.NQNVGLDPETLALATPAR.D,"NP_85m_PROKKA_23185,ETNP14_68mB_PROKKA_05712,ETNP_100m_PROKKA_20700",1878.9799,Cytochrome c-550 precursor,T,D,1,NQNVGLDPETLALATPAR,NQNVGLDPETLALATPAR
318,20170410_JA2_01.11033.11033.2,2.513,0.497,0.000118,13/24,R.GLGAGGNPSIGQK.A,"WP_036911818,WP_011129698,NP_85m_PROKKA_13642,ETNP_70m_PROKKA_91076,ETNP_120m_PROKKA_100675,ETNP_120m_PROKKA_93821,ETNP_100m_particle_PROKKA_73465,ETNP_90m_PROKKA_209587,WP_052041211,WP_042850863",1154.6044, cell division protein FtsZ Prochlorococcus,R,A,0,GLGAGGNPSIGQK,GLGAGGNPSLGQK
319,20170410_JA2_01.27966.27966.2,2.511,0.432,9.95E-08,1940-10-01 00:00:00,R.QAVSADSSGSFIGGAELASLK.S,"ETNP_90m_PROKKA_15076,ETNP_120m_PROKKA_239025,ETNP_120m_PROKKA_239025",1993.9957,C-phycoerythrin class 2 subunit beta,R,S,1,QAVSADSSGSFIGGAELASLK,QAVSADSSGSFLGGAELASLK
320,20170410_JA2_01.29949.29949.2,2.507,0.413,5.66E-05,2021-12-26 00:00:00,R.FTALTSGEIDILSR.N,"ETNP14_68maa_PROKKA_99193,WP_011282064,ETNP14_68maa_PROKKA_162902,NP_100m_PROKKA_12960,ETNP14_68maa_PROKKA_64086,ETNP_100m_PROKKA_27346",1521.8039,General L-amino acid-binding periplasmic protein AapJ precursor,R,N,0,FTALTSGEIDILSR,FTALTSGELDLLSR
321,20170410_JA2_01.07566.07566.2,2.506,0.416,0.00202,2021-12-22 00:00:00,V.SDAASSLDSSQK.S,"ETNP_90m_PROKKA_168214,ETNP_100m_PROKKA_52245,ETNP_120m_PROKKA_24357,ETNP_140m_PROKKA_164346,ETNP_110m_PROKKA_45826,ETNP_160m_PROKKA_83311",1194.5364,Photosystem II 12 kDa extrinsic protein,V,S,1,SDAASSLDSSQK,SDAASSLDSSQK
322,20170410_JA2_01.18280.18280.2,2.506,0.311,0.00105,14/20,K.LKGVDPLPDAE.-,"ETNP_140m_PROKKA_127613,ETNP_100m_PROKKA_46737",1152.6027,hypothetical protein,K,-,1,LKGVDPLPDAE,LKGVDPLPDAE
323,20170410_JA2_01.26808.26808.2,2.505,0.397,4.33E-05,13/20,K.AYTALLDLKPG.D,"ETNP_140m_PROKKA_125786,ETNP_110m_PROKKA_26060,ETNP_100m_particle_PROKKA_13293,NP_85m_PROKKA_07695,ETNP14_68maa_PROKKA_115320,ETNP_90m_PROKKA_180048,ETNP_90m_PROKKA_62874,ETNP_110m_PROKKA_10944,ETNP_140m_PROKKA_61974,ETNP_100m_particle_PROKKA_129096,WP_011128382,ETNP14_68mB_PROKKA_50287,ETNP_100m_particle_PROKKA_126395,ETNP_120m_PROKKA_113425,ETNP_120m_PROKKA_113425,ETNP_90m_PROKKA_71778",1160.6441,hypothetical protein,K,D,0,AYTALLDLKPG,AYTALLDLKPG
324,20170410_JA2_01.25429.25429.2,2.504,0.376,0.00143,2021-12-28 00:00:00,F.TVTAPEIALNEGFDR.L,"ETNP_100m_PROKKA_02317,ETNP_100m_PROKKA_02317,ETNP_120m_PROKKA_126325,ETNP_90m_PROKKA_27133,ETNP_90m_PROKKA_168214,ETNP_100m_PROKKA_52245,ETNP_120m_PROKKA_24357,ETNP_140m_PROKKA_164346",1631.8155,Photosystem II 12 kDa extrinsic protein precursor,F,L,1,TVTAPEIALNEGFDR,TVTAPELALNEGFDR
325,20170410_JA2_01.16845.16845.2,2.5,0.429,0.000591,2021-11-22 00:00:00,R.GDSIGDISGEVR.L,"ETNP_100m_PROKKA_74107,ETNP14_120mac_PROKKA_31841,ETNP14_120mab_PROKKA_101646,WP_018048164",1203.5731,hypothetical protein,R,L,1,GDSIGDISGEVR,GDSLGDLSGEVR
