Fraction,Scan,Source File,Peptide,Tag Length,ALC (%),length,m/z,z,RT,Area,Mass,ppm,PTM,local confidence (%),tag (>=0%),mode
5,13632,022016_RAL4_95_AMBIC2_trypsin_2.mzML,YEELQLTAGR,10,99,10,590.3040,2,31.51,,1178.5930,0.3,,99 100 100 100 100 100 100 100 99 98,YEELQLTAGR,CID
5,8292,022016_RAL4_95_AMBIC2_trypsin_2.mzML,LSSPATLNSR,10,98,10,523.2849,2,19.02,,1044.5564,-1.2,,99 99 99 99 99 99 99 99 99 97,LSSPATLNSR,CID
5,8152,022016_RAL4_95_AMBIC2_trypsin_2.mzML,LSSPATLNSR,10,98,10,523.2852,2,18.68,,1044.5564,-0.5,,99 99 99 99 99 99 99 99 99 96,LSSPATLNSR,CID
5,9153,022016_RAL4_95_AMBIC2_trypsin_2.mzML,LASYLDK,7,98,7,405.2234,2,21.00,,808.4330,-1.0,,99 99 99 98 99 99 98,LASYLDK,CID
5,17269,022016_RAL4_95_AMBIC2_trypsin_2.mzML,VLDELTLTK,9,98,9,516.3026,2,39.85,,1030.5911,-0.4,,98 99 99 100 99 99 99 98 95,VLDELTLTK,CID
5,11774,022016_RAL4_95_AMBIC2_trypsin_2.mzML,VATVSLPR,8,98,8,421.7576,2,27.11,,841.5021,-1.7,,99 99 99 96 99 99 99 97,VATVSLPR,CID
5,11902,022016_RAL4_95_AMBIC2_trypsin_2.mzML,VATVSLPR,8,98,8,421.7580,2,27.44,,841.5021,-0.9,,99 99 99 96 99 99 98 97,VATVSLPR,CID
5,22556,022016_RAL4_95_AMBIC2_trypsin_2.mzML,VTDAELAELVAR,12,98,12,643.8505,2,51.98,,1285.6877,-1.0,,98 99 100 99 100 100 99 100 98 92 97 97,VTDAELAELVAR,CID
5,12223,022016_RAL4_95_AMBIC2_trypsin_2.mzML,RATVSLPR,8,98,8,450.2687,2,28.23,,898.5349,-13.3,,95 99 100 99 98 99 98 99,RATVSLPR,CID
5,9660,022016_RAL4_95_AMBIC2_trypsin_2.mzML,LAWDFR,6,98,6,404.2030,2,22.16,,806.4075,-19.8,,99 99 97 99 98 97,LAWDFR,CID
5,12044,022016_RAL4_95_AMBIC2_trypsin_2.mzML,VATVSPLR,8,98,8,421.7578,2,27.78,,841.5021,-1.2,,98 99 100 99 99 93 99 97,VATVSPLR,CID
5,6892,022016_RAL4_95_AMBIC2_trypsin_2.mzML,KAYEDLAQK,9,97,9,533.2636,2,15.77,,1064.5503,-35.3,,93 95 99 100 99 99 99 99 97,KAYEDLAQK,CID
5,12094,022016_RAL4_95_AMBIC2_trypsin_2.mzML,RATVSLPR,8,95,8,450.2687,2,27.89,,898.5349,-13.3,,88 98 99 98 96 97 95 96,RATVSLPR,CID
5,9006,022016_RAL4_95_AMBIC2_trypsin_2.mzML,LAHLLDK,7,95,7,405.2235,2,20.66,,808.4807,-59.5,,98 97 92 87 99 98 97,LAHLLDK,CID
5,12186,022016_RAL4_95_AMBIC2_trypsin_2.mzML,LATVSLPR,8,94,8,428.7659,2,28.13,,855.5178,-0.5,,99 99 99 99 93 87 91 90,LATVSLPR,CID
5,25989,022016_RAL4_95_AMBIC2_trypsin_2.mzML,SPDLLDEAC(+57.02)LLK,12,94,12,687.3665,2,59.85,,1372.6907,20.3,Carbamidomethylation,90 86 100 100 99 99 100 98 95 92 93 85,SPDLLDEAC(+57.02)LLK,CID
5,12318,022016_RAL4_95_AMBIC2_trypsin_2.mzML,VATVSLPR,8,94,8,421.7582,2,28.45,,841.5021,-0.3,,98 99 98 92 97 96 86 91,VATVSLPR,CID
5,12360,022016_RAL4_95_AMBIC2_trypsin_2.mzML,LATWLPR,7,94,7,428.7658,2,28.54,,855.4966,23.9,,99 99 99 95 91 87 90,LATWLPR,CID
5,13053,022016_RAL4_95_AMBIC2_trypsin_2.mzML,DM(+15.99)ELLLR,7,94,7,453.2418,2,30.18,,904.4688,0.2,Oxidation (M),82 84 100 99 99 99 96,DM(+15.99)ELLLR,CID
5,12178,022016_RAL4_95_AMBIC2_trypsin_2.mzML,VATVSPLR,8,93,8,421.7581,2,28.11,,841.5021,-0.5,,98 99 100 99 98 76 94 86,VATVSPLR,CID
5,11811,022016_RAL4_95_AMBIC2_trypsin_2.mzML,VPGVSLPR,8,93,8,412.7525,2,27.21,,823.4916,-1.3,,96 79 79 98 98 99 98 96,VPGVSLPR,CID
5,14799,022016_RAL4_95_AMBIC2_trypsin_2.mzML,VPLLWFYK,8,92,8,533.3190,2,34.18,,1064.6060,16.5,,91 87 97 90 90 96 94 89,VPLLWFYK,CID
5,1507,022016_RAL4_95_AMBIC2_trypsin_2.mzML,LLWEM(+15.99)GR,7,90,7,460.7635,2,3.40,,919.4586,58.7,Oxidation (M),99 99 95 88 72 89 92,LLWEM(+15.99)GR,CID
5,1496,022016_RAL4_95_AMBIC2_trypsin_2.mzML,TVLATLVVNR,10,90,10,543.3198,2,3.39,,1084.6604,-32.7,,75 73 69 99 98 99 98 99 99 94,TVLATLVVNR,CID
5,9044,022016_RAL4_95_AMBIC2_trypsin_2.mzML,YENEVLAR,8,90,8,497.2538,2,20.75,,992.4927,0.4,,97 100 98 99 98 73 79 74,YENEVLAR,CID
5,8437,022016_RAL4_95_AMBIC2_trypsin_2.mzML,LSSPATLNSR,10,89,10,523.2852,2,19.35,,1044.5564,-0.6,,98 99 99 98 99 98 98 68 72 63,LSSPATLNSR,CID
5,12788,022016_RAL4_95_AMBIC2_trypsin_2.mzML,VVSLLSPR,8,88,8,435.7739,2,29.57,,869.5334,-0.2,,98 99 60 70 95 96 97 93,VVSLLSPR,CID
5,9811,022016_RAL4_95_AMBIC2_trypsin_2.mzML,ALWDFR,6,87,6,404.2030,2,22.50,,806.4075,-19.9,,66 76 91 98 97 94,ALWDFR,CID
5,14237,022016_RAL4_95_AMBIC2_trypsin_2.mzML,YEELQVSTPK,10,85,10,597.3119,2,32.89,,1192.5974,9.9,,92 97 99 99 97 97 51 69 79 77,YEELQVSTPK,CID
5,11819,022016_RAL4_95_AMBIC2_trypsin_2.mzML,SLSLWAR,7,85,7,416.7477,2,27.23,,831.4603,24.7,,76 86 99 96 73 74 95,SLSLWAR,CID
5,12051,022016_RAL4_95_AMBIC2_trypsin_2.mzML,LATVSLPR,8,84,8,428.7658,2,27.79,,855.5178,-0.8,,98 98 99 98 90 63 65 65,LATVSLPR,CID
5,11730,022016_RAL4_95_AMBIC2_trypsin_2.mzML,AEVNLGGSK,9,84,9,437.7527,2,26.98,,873.4556,40.4,,67 96 98 98 99 93 73 85 49,AEVNLGGSK,CID
5,12935,022016_RAL4_95_AMBIC2_trypsin_2.mzML,VVTVSLPR,8,84,8,435.7739,2,29.91,,869.5334,-0.3,,89 95 97 96 57 69 89 82,VVTVSLPR,CID
5,17133,022016_RAL4_95_AMBIC2_trypsin_2.mzML,WEAWFTNR,8,83,8,555.2487,2,39.54,,1108.5090,-23.7,,95 100 99 98 98 51 70 57,WEAWFTNR,CID
5,12658,022016_RAL4_95_AMBIC2_trypsin_2.mzML,VVTVLSPR,8,83,8,435.7735,2,29.23,,869.5334,-1.2,,90 95 82 65 72 69 97 95,VVTVLSPR,CID
5,15098,022016_RAL4_95_AMBIC2_trypsin_2.mzML,NNPVLLWFYK,10,82,10,647.3612,2,34.88,,1292.6917,12.5,,56 57 59 73 99 98 96 99 96 92,NNPVLLWFYK,CID
5,1501,022016_RAL4_95_AMBIC2_trypsin_2.mzML,TEELLTDVK,9,82,9,524.2821,2,3.39,,1046.5496,0.1,,79 94 100 99 98 50 52 70 97,TEELLTDVK,CID
5,1490,022016_RAL4_95_AMBIC2_trypsin_2.mzML,LFATCAPR,8,81,8,439.7587,2,3.38,,877.4480,62.6,,99 99 99 98 67 59 65 62,LFATCAPR,CID
5,14393,022016_RAL4_95_AMBIC2_trypsin_2.mzML,AVATVPEVK,9,80,9,457.2765,2,33.25,,912.5280,11.3,,83 92 99 98 98 43 72 63 76,AVATVPEVK,CID
5,16358,022016_RAL4_95_AMBIC2_trypsin_2.mzML,WVENPEECR,9,80,9,581.2850,2,37.74,,1160.4919,54.8,,97 98 99 43 31 72 97 96 90,WVENPEECR,CID
