peptide,lca,superkingdom,kingdom,subkingdom,superphylum,phylum,subphylum,superclass,class,subclass,infraclass,superorder,order,suborder,infraorder,parvorder,superfamily,family,subfamily,tribe,subtribe,genus,subgenus,species group,species subgroup,species
ALQQQLENPLAQQLLSGELVPGK,root,,,,,,,,,,,,,,,,,,,,,,,,,
LPQVEGTGGDVQPSQDLVR,root,,,,,,,,,,,,,,,,,,,,,,,,,
SYELPDGQVLTLGNER,root,,,,,,,,,,,,,,,,,,,,,,,,,
VLGQNEAVDAVSNALR,root,,,,,,,,,,,,,,,,,,,,,,,,,
LGEHNLDVLEGNEQFLNAA,,,,,,,,,,,,,,,,,,,,,,,,,,
VTDAELAEVLAR,root,,,,,,,,,,,,,,,,,,,,,,,,,
QVHPDTGLSSK,root,,,,,,,,,,,,,,,,,,,,,,,,,
QVSLNSGSHFCGGSLLNSQWVVS,,,,,,,,,,,,,,,,,,,,,,,,,,
ALDLLDEAASSLR,root,,,,,,,,,,,,,,,,,,,,,,,,,
SCLLSGWGNTK,,,,,,,,,,,,,,,,,,,,,,,,,,
LVGAPTWNTGADEGR,,,,,,,,,,,,,,,,,,,,,,,,,,
LGEHNLDVLEGNEQ,,,,,,,,,,,,,,,,,,,,,,,,,,
NNPVLLGEPGVGK,root,,,,,,,,,,,,,,,,,,,,,,,,,
LGEHNLDVLEGNEQFLN,,,,,,,,,,,,,,,,,,,,,,,,,,
NEGTLVSVTDGLLR,root,,,,,,,,,,,,,,,,,,,,,,,,,
VSYETEQGPK,Photobacterium,Bacteria,,,,Proteobacteria,,,Gammaproteobacteria,,,,Vibrionales,,,,,Vibrionaceae,,,,Photobacterium,,,,
ELPDGQVLTLGNER,Metazoa,Eukaryota,Metazoa,,,,,,,,,,,,,,,,,,,,,,,
QSVEPVLENALK,,,,,,,,,,,,,,,,,,,,,,,,,,
YELPDGQVLTLGNER,Metazoa,Eukaryota,Metazoa,,,,,,,,,,,,,,,,,,,,,,,
VLDSGDGVTHTVPLYEGY,,,,,,,,,,,,,,,,,,,,,,,,,,
TDSLGAGLTK,root,,,,,,,,,,,,,,,,,,,,,,,,,
LVGDDLLVTNPTR,,,,,,,,,,,,,,,,,,,,,,,,,,
AGLQFPVGR,root,,,,,,,,,,,,,,,,,,,,,,,,,
NFVFGQTGAGNNWAK,,,,,,,,,,,,,,,,,,,,,,,,,,
VAPEEHPVLLTEAPLNPK,root,,,,,,,,,,,,,,,,,,,,,,,,,
AGFAGDDAPR,root,,,,,,,,,,,,,,,,,,,,,,,,,
ELAEDGYSGVEVR,root,,,,,,,,,,,,,,,,,,,,,,,,,
AGGNYLSSLLVGSEAR,root,,,,,,,,,,,,,,,,,,,,,,,,,
EYDESGPSLVHR,Eukaryota,Eukaryota,,,,,,,,,,,,,,,,,,,,,,,,
LPDGQVLTLGNER,Eukaryota,Eukaryota,,,,,,,,,,,,,,,,,,,,,,,,
DAYVGDEAQSK,root,,,,,,,,,,,,,,,,,,,,,,,,,
QLGEDPWVALAK,root,,,,,,,,,,,,,,,,,,,,,,,,,
EGNEQFLNAAK,,,,,,,,,,,,,,,,,,,,,,,,,,
SYELPDGQVLTLG,Eukaryota,Eukaryota,,,,,,,,,,,,,,,,,,,,,,,,
EDAANNYAR,root,,,,,,,,,,,,,,,,,,,,,,,,,
QVSLNSGSHFCGGSL,,,,,,,,,,,,,,,,,,,,,,,,,,
AVFPSLVGRPR,root,,,,,,,,,,,,,,,,,,,,,,,,,
AGENLGALLR,root,,,,,,,,,,,,,,,,,,,,,,,,,
QEYDESGPSLVHR,root,,,,,,,,,,,,,,,,,,,,,,,,,
AGENVGVLLR,root,,,,,,,,,,,,,,,,,,,,,,,,,
LLELEEELK,root,,,,,,,,,,,,,,,,,,,,,,,,,
LSGLLYEETR,root,,,,,,,,,,,,,,,,,,,,,,,,,
GVVDSEDLPLNLSR,root,,,,,,,,,,,,,,,,,,,,,,,,,
VATVSLPR,root,,,,,,,,,,,,,,,,,,,,,,,,,
LLTHPNFNGNTLDND,,,,,,,,,,,,,,,,,,,,,,,,,,
LLTHPNFNGNTLDN,,,,,,,,,,,,,,,,,,,,,,,,,,
LGEHNLDVLEGN,,,,,,,,,,,,,,,,,,,,,,,,,,
AADESTGTLGK,,,,,,,,,,,,,,,,,,,,,,,,,,
ALDGNDLTPR,Pochonia chlamydosporia,Eukaryota,Fungi,Dikarya,,Ascomycota,Pezizomycotina,,Sordariomycetes,Hypocreomycetidae,,,Hypocreales,,,,,Clavicipitaceae,,,,Pochonia,,,,Pochonia chlamydosporia
WEVLSDEHGVDPT,,,,,,,,,,,,,,,,,,,,,,,,,,
VVEPLLTLAK,root,,,,,,,,,,,,,,,,,,,,,,,,,
LGEHNLDVLEGNEQF,,,,,,,,,,,,,,,,,,,,,,,,,,
VFPSLVGRPR,Eukaryota,Eukaryota,,,,,,,,,,,,,,,,,,,,,,,,
TTGLVLDSGDGVSH,Magnoliopsida,Eukaryota,Viridiplantae,,,Streptophyta,Streptophytina,,Magnoliopsida,,,,,,,,,,,,,,,,,
FAGDDAPR,Eukaryota,Eukaryota,,,,,,,,,,,,,,,,,,,,,,,,
AGTEVVEAK,root,,,,,,,,,,,,,,,,,,,,,,,,,
FVFGQTGAGNNWAK,,,,,,,,,,,,,,,,,,,,,,,,,,
EELLPQLK,root,,,,,,,,,,,,,,,,,,,,,,,,,
FWEVLSDEHGVDPT,,,,,,,,,,,,,,,,,,,,,,,,,,
LTQDNGGADVFVH,,,,,,,,,,,,,,,,,,,,,,,,,,
PDGQVLTLGNER,Eukaryota,Eukaryota,,,,,,,,,,,,,,,,,,,,,,,,
LGGLGTVPVGR,root,,,,,,,,,,,,,,,,,,,,,,,,,
VFGQSGAGNNWAK,Eukaryota,Eukaryota,,,,,,,,,,,,,,,,,,,,,,,,
ASDLVLDAR,,,,,,,,,,,,,,,,,,,,,,,,,,
EDLAALEK,root,,,,,,,,,,,,,,,,,,,,,,,,,
DGDEEVPR,Haliangium ochraceum,Bacteria,,,,Proteobacteria,delta/epsilon subdivisions,,Deltaproteobacteria,,,,Myxococcales,Nannocystineae,,,,Kofleriaceae,,,,Haliangium,,,,Haliangium ochraceum
YVGDEAQSK,Eukaryota,Eukaryota,,,,,,,,,,,,,,,,,,,,,,,,
GYSFTTTAER,root,,,,,,,,,,,,,,,,,,,,,,,,,
TFQADSAR,Bacteria,Bacteria,,,,,,,,,,,,,,,,,,,,,,,,
LGEHNLDVLEGNEQFLNA,,,,,,,,,,,,,,,,,,,,,,,,,,
LATELEAK,root,,,,,,,,,,,,,,,,,,,,,,,,,
ELFFLYNK,,,,,,,,,,,,,,,,,,,,,,,,,,
LDNAPEER,root,,,,,,,,,,,,,,,,,,,,,,,,,
AYVGDEAQSK,Eukaryota,Eukaryota,,,,,,,,,,,,,,,,,,,,,,,,
ELVVK,root,,,,,,,,,,,,,,,,,,,,,,,,,
SYVGDEAQSK,Eukaryota,Eukaryota,,,,,,,,,,,,,,,,,,,,,,,,
QEYDESGPSLVH,Eukaryota,Eukaryota,,,,,,,,,,,,,,,,,,,,,,,,
LAVNLLPFPR,root,,,,,,,,,,,,,,,,,,,,,,,,,
LTEAPLNPK,Eukaryota,Eukaryota,,,,,,,,,,,,,,,,,,,,,,,,
SAADDAAGLALSNR,,,,,,,,,,,,,,,,,,,,,,,,,,
NFVFGQSGAGNNWAK,Eukaryota,Eukaryota,,,,,,,,,,,,,,,,,,,,,,,,
YETEQGPK,,,,,,,,,,,,,,,,,,,,,,,,,,
NPVLLGEPGVGK,root,,,,,,,,,,,,,,,,,,,,,,,,,
AGQCGNQLGAK,Eukaryota,Eukaryota,,,,,,,,,,,,,,,,,,,,,,,,
SLASATSEPAK,Pelobacter carbinolicus,Bacteria,,,,Proteobacteria,delta/epsilon subdivisions,,Deltaproteobacteria,,,,Desulfuromonadales,,,,,Desulfuromonadaceae,,,,Pelobacter,,,,Pelobacter carbinolicus
AVGVVLPELNGK,root,,,,,,,,,,,,,,,,,,,,,,,,,
EAGASVELK,,,,,,,,,,,,,,,,,,,,,,,,,,
VMPVDYK,root,,,,,,,,,,,,,,,,,,,,,,,,,
VLDLVLDR,root,,,,,,,,,,,,,,,,,,,,,,,,,
AAVEEGLVPGGGTALLR,root,,,,,,,,,,,,,,,,,,,,,,,,,
VSEETTTGVHR,,,,,,,,,,,,,,,,,,,,,,,,,,
ELGGLFR,root,,,,,,,,,,,,,,,,,,,,,,,,,
SSGSSYPSLLQCL,,,,,,,,,,,,,,,,,,,,,,,,,,
DVVYALK,root,,,,,,,,,,,,,,,,,,,,,,,,,
LLAADESTGTLGK,,,,,,,,,,,,,,,,,,,,,,,,,,
LATVSLPR,Bacteria,Bacteria,,,,,,,,,,,,,,,,,,,,,,,,
AGPFGQLFRPD,Pezizomycotina,Eukaryota,Fungi,Dikarya,,Ascomycota,Pezizomycotina,,,,,,,,,,,,,,,,,,,
ALEDAGLSK,root,,,,,,,,,,,,,,,,,,,,,,,,,
ALASEGFK,Bacteria,Bacteria,,,,,,,,,,,,,,,,,,,,,,,,
VFGQTGAGNNWAK,Katadesmia polita,Eukaryota,Metazoa,,,Mollusca,,,Bivalvia,Protobranchia,,,Nuculanoida,,,,,Malletiidae,,,,Katadesmia,,,,Katadesmia polita
VLDQLEK,root,,,,,,,,,,,,,,,,,,,,,,,,,
TEAPLNPK,Eukaryota,Eukaryota,,,,,,,,,,,,,,,,,,,,,,,,
FGLSLVR,root,,,,,,,,,,,,,,,,,,,,,,,,,
DVAPVVPGVAVDL,,,,,,,,,,,,,,,,,,,,,,,,,,
NAGMLELK,root,,,,,,,,,,,,,,,,,,,,,,,,,
TETQLSLK,Deltaproteobacteria bacterium,Bacteria,,,,Proteobacteria,delta/epsilon subdivisions,,Deltaproteobacteria,,,,,,,,,,,,,,,,,Deltaproteobacteria bacterium
GPQGPAGPMGPK,Sorangium cellulosum,Bacteria,,,,Proteobacteria,delta/epsilon subdivisions,,Deltaproteobacteria,,,,Myxococcales,Sorangiineae,,,,Polyangiaceae,,,,Sorangium,,,,Sorangium cellulosum
DSGDGVSHTVPLYEGY,,,,,,,,,,,,,,,,,,,,,,,,,,
APLLDR,root,,,,,,,,,,,,,,,,,,,,,,,,,
LLAPPER,root,,,,,,,,,,,,,,,,,,,,,,,,,
VHLMTK,root,,,,,,,,,,,,,,,,,,,,,,,,,
ADESTGTLGK,,,,,,,,,,,,,,,,,,,,,,,,,,
LVAPPER,root,,,,,,,,,,,,,,,,,,,,,,,,,
LENHLSFK,,,,,,,,,,,,,,,,,,,,,,,,,,
LMFVCNK,Bodo saltans,Eukaryota,,,,Euglenozoa,,,Kinetoplastea,Metakinetoplastina,,,Eubodonida,,,,,Bodonidae,,,,Bodo,,,,Bodo saltans
ELQTAVR,root,,,,,,,,,,,,,,,,,,,,,,,,,
GSFLLDEDGLVR,Gammaproteobacteria,Bacteria,,,,Proteobacteria,,,Gammaproteobacteria,,,,,,,,,,,,,,,,,
NLTYLFLT,,,,,,,,,,,,,,,,,,,,,,,,,,
FDLSNR,root,,,,,,,,,,,,,,,,,,,,,,,,,
LAEDPSVK,root,,,,,,,,,,,,,,,,,,,,,,,,,
CGGSLLNSQWVVSAAH,,,,,,,,,,,,,,,,,,,,,,,,,,
AVFPSLVG,,,,,,,,,,,,,,,,,,,,,,,,,,
AVFPSLVGRP,Trichophyton concentricum,Eukaryota,Fungi,Dikarya,,Ascomycota,Pezizomycotina,,Eurotiomycetes,Eurotiomycetidae,,,Onygenales,,,,,Arthrodermataceae,,,,Trichophyton,,,,Trichophyton concentricum
EELDNQVK,,,,,,,,,,,,,,,,,,,,,,,,,,
SSPATLNSR,,,,,,,,,,,,,,,,,,,,,,,,,,
SLDYDTQFAK,,,,,,,,,,,,,,,,,,,,,,,,,,
CDVDLR,root,,,,,,,,,,,,,,,,,,,,,,,,,
EGAAADPVDGK,,,,,,,,,,,,,,,,,,,,,,,,,,
ALDSYLPEPDR,,,,,,,,,,,,,,,,,,,,,,,,,,
EVAAR,root,,,,,,,,,,,,,,,,,,,,,,,,,
AALEK,root,,,,,,,,,,,,,,,,,,,,,,,,,
LAVNLVPFPR,Eukaryota,Eukaryota,,,,,,,,,,,,,,,,,,,,,,,,
DLDDELAK,root,,,,,,,,,,,,,,,,,,,,,,,,,
EASATSAESLK,,,,,,,,,,,,,,,,,,,,,,,,,,
DNLQGLTKPA,,,,,,,,,,,,,,,,,,,,,,,,,,
TEKPASDK,Bacteria,Bacteria,,,,,,,,,,,,,,,,,,,,,,,,
LDSYLPEPDR,,,,,,,,,,,,,,,,,,,,,,,,,,
ELVESAPK,root,,,,,,,,,,,,,,,,,,,,,,,,,
SGQLFGLLK,Brevundimonas,Bacteria,,,,Proteobacteria,,,Alphaproteobacteria,,,,Caulobacterales,,,,,Caulobacteraceae,,,,Brevundimonas,,,,
GFAGDDAPR,Eukaryota,Eukaryota,,,,,,,,,,,,,,,,,,,,,,,,
TVGAGVVSK,root,,,,,,,,,,,,,,,,,,,,,,,,,
FSPDSTLK,,,,,,,,,,,,,,,,,,,,,,,,,,
LSVDYGK,root,,,,,,,,,,,,,,,,,,,,,,,,,
AGVDNLGLR,,,,,,,,,,,,,,,,,,,,,,,,,,
TVALPDGR,root,,,,,,,,,,,,,,,,,,,,,,,,,
TVDEVLK,root,,,,,,,,,,,,,,,,,,,,,,,,,
GLVTNWDDMEK,root,,,,,,,,,,,,,,,,,,,,,,,,,
QLLDVLR,root,,,,,,,,,,,,,,,,,,,,,,,,,
FLDAASK,root,,,,,,,,,,,,,,,,,,,,,,,,,
GLLDPTK,root,,,,,,,,,,,,,,,,,,,,,,,,,
TNLEFLAK,Nitrosopumilus adriaticus,Archaea,,,,Thaumarchaeota,,,,,,,Nitrosopumilales,,,,,Nitrosopumilaceae,,,,Nitrosopumilus,,,,Nitrosopumilus adriaticus
VSDTVVEPY,Eukaryota,Eukaryota,,,,,,,,,,,,,,,,,,,,,,,,
ELVDLCLDR,root,,,,,,,,,,,,,,,,,,,,,,,,,
AGDLYQSR,Candidatus Marinimicrobia bacterium,Bacteria,,,,Candidatus Marinimicrobia,,,,,,,,,,,,,,,,,,,,Candidatus Marinimicrobia bacterium
SAVLEVLLR,Hymenobacter,Bacteria,,,,Bacteroidetes,,,Cytophagia,,,,Cytophagales,,,,,Hymenobacteraceae,,,,Hymenobacter,,,,
DLQGFQSMGHSNTASAGGR,,,,,,,,,,,,,,,,,,,,,,,,,,
GGNAAFR,Bacteria,Bacteria,,,,,,,,,,,,,,,,,,,,,,,,
LLPGELAK,root,,,,,,,,,,,,,,,,,,,,,,,,,
TVFELR,root,,,,,,,,,,,,,,,,,,,,,,,,,
QDLGGQLGPDLTSAGK,,,,,,,,,,,,,,,,,,,,,,,,,,
VDNLFR,root,,,,,,,,,,,,,,,,,,,,,,,,,
EVLSDEHGVDPTGSYHGD,,,,,,,,,,,,,,,,,,,,,,,,,,
EASDQVR,root,,,,,,,,,,,,,,,,,,,,,,,,,
SLASSLDDK,Hondaea fermentalgiana,Eukaryota,,,,,,,Bigyra,Labyrinthulomycetes,,,Thraustochytrida,,,,,Thraustochytriaceae,,,,Hondaea,,,,Hondaea fermentalgiana
EGAELTPDTLR,Deltaproteobacteria bacterium,Bacteria,,,,Proteobacteria,delta/epsilon subdivisions,,Deltaproteobacteria,,,,,,,,,,,,,,,,,Deltaproteobacteria bacterium
TELTEYCK,,,,,,,,,,,,,,,,,,,,,,,,,,
TALQSGELDVLSR,,,,,,,,,,,,,,,,,,,,,,,,,,
DLVDLALK,root,,,,,,,,,,,,,,,,,,,,,,,,,
SDLVLDAR,root,,,,,,,,,,,,,,,,,,,,,,,,,
MPVLPTPK,Bacteria,Bacteria,,,,,,,,,,,,,,,,,,,,,,,,
AGLQFPVG,,,,,,,,,,,,,,,,,,,,,,,,,,
AGTYDPK,root,,,,,,,,,,,,,,,,,,,,,,,,,
DLFLLLR,root,,,,,,,,,,,,,,,,,,,,,,,,,
DYLLSFLK,root,,,,,,,,,,,,,,,,,,,,,,,,,
LGEHNLDVLEGNE,,,,,,,,,,,,,,,,,,,,,,,,,,
DAVFQK,root,,,,,,,,,,,,,,,,,,,,,,,,,
ALEAGEEAK,Acetobacter pasteurianus,Bacteria,,,,Proteobacteria,,,Alphaproteobacteria,,,,Rhodospirillales,,,,,Acetobacteraceae,,,,Acetobacter,,,,Acetobacter pasteurianus
LLADAMLGDPTL,,,,,,,,,,,,,,,,,,,,,,,,,,
DLYANLVLSGGTTMYPGLGER,Eukaryota,Eukaryota,,,,,,,,,,,,,,,,,,,,,,,,
QPPTVVPGGDLAK,Trichoplax adhaerens,Eukaryota,Metazoa,,,Placozoa,,,,,,,,,,,,Trichoplacidae,,,,Trichoplax,,,,Trichoplax adhaerens
NLSLLGER,root,,,,,,,,,,,,,,,,,,,,,,,,,
LLDEGR,root,,,,,,,,,,,,,,,,,,,,,,,,,
EAPLNPK,root,,,,,,,,,,,,,,,,,,,,,,,,,
GLDGLVLPK,root,,,,,,,,,,,,,,,,,,,,,,,,,
VQFTVFL,,,,,,,,,,,,,,,,,,,,,,,,,,
SMGVNLK,root,,,,,,,,,,,,,,,,,,,,,,,,,
EEEFDTELPDEEAEK,,,,,,,,,,,,,,,,,,,,,,,,,,
GTPEYNLALGER,root,,,,,,,,,,,,,,,,,,,,,,,,,
NANDGLSMLQTAEGAL,,,,,,,,,,,,,,,,,,,,,,,,,,
SSHQLLK,root,,,,,,,,,,,,,,,,,,,,,,,,,
DAALELK,root,,,,,,,,,,,,,,,,,,,,,,,,,
GFDEDLVDELR,,,,,,,,,,,,,,,,,,,,,,,,,,
DLLNLLEAK,Helobdella robusta,Eukaryota,Metazoa,,,Annelida,,,Clitellata,Hirudinea,,,Hirudinida,Glossiphoniiformes,,,,Glossiphoniidae,,,,Helobdella,,,,Helobdella robusta
PATLNSR,,,,,,,,,,,,,,,,,,,,,,,,,,
TGEHLVALP,,,,,,,,,,,,,,,,,,,,,,,,,,
SNLSFLK,root,,,,,,,,,,,,,,,,,,,,,,,,,
