,spectrum,xcorr,deltacn,expect,ions,peptide,calc_neutral_pep_mass,precursor_intensity,protein,L terminus,R terminus,A,C,D,E,F,G,H,I,K,L,M,N,P,Q,R,S,T,V,W,Y,c-carb,m-oxid,n-deam,q-deam,k-hydr,r-meth,stripped peptide,stripped length,NAAF num.,ptm-total,stripped I-L
0,20181214_378_etnp2017_100m_trap.15243.15243.2,4.268,0.488,8.47e-07,25/36,R.LPQVEGTGGDVQPSQDLVR.V,1994.0069,39008900.0,gi|54036848|sp|P63284.1|CLPB_ECOLI,R,V,0,0,2,1,0,3,0,0,0,2,0,0,2,3,2,1,1,4,0,0,0,0,0,0,0,0,LPQVEGTGGDVQPSQDLVR,19,2053100.0,0,LPQVEGTGGDVQPSQDLVR
1,20181214_378_etnp2017_100m_trap.24111.24111.3,4.129,0.472,8.99e-10,20/88,R.AIQQQIENPLAQQILSGELVPGK.V,2473.354,598366.0,gi|54036848|sp|P63284.1|CLPB_ECOLI,R,V,2,0,0,2,0,2,0,3,1,3,0,1,2,5,1,1,0,2,0,0,0,0,0,0,0,0,AIQQQIENPLAQQILSGELVPGK,23,26015.91304347826,0,ALQQQLENPLAQQLLSGELVPGK
2,20181214_378_etnp2017_100m_trap.19444.19444.3,3.361,0.042,0.0956,19/44,K.VTDAEIAEVLAR.W,1285.6878,911070.0,gi|54036848|sp|P63284.1|CLPB_ECOLI,K,W,3,0,1,2,0,0,0,1,1,1,0,0,0,0,1,0,1,2,1,0,0,0,0,0,0,0,VTDAEIAEVLAR,12,75922.5,0,VTDAELAEVLAR
3,20181214_378_etnp2017_100m_trap.18159.18159.2,3.343,0.372,4.26e-05,17/30,R.VIGQNEAVDAVSNAIR.R,1654.8638,5823630.0,gi|54036848|sp|P63284.1|CLPB_ECOLI,R,R,3,0,1,1,0,1,0,2,0,0,0,2,0,1,3,1,0,3,0,0,0,0,0,0,0,0,VIGQNEAVDAVSNAIR,16,363976.875,0,VLGQNEAVDAVSNALR
4,20181214_378_etnp2017_100m_trap.18180.18180.3,3.269,0.212,0.00644,16/60,R.VIGQNEAVDAVSNAIR.R,1654.8638,1182430.0,gi|54036848|sp|P63284.1|CLPB_ECOLI,R,R,3,0,1,1,0,1,0,2,0,0,0,2,0,1,3,1,0,3,0,0,0,0,0,0,0,0,VIGQNEAVDAVSNAIR,16,73901.875,0,VLGQNEAVDAVSNALR
5,20181214_378_etnp2017_100m_trap.19550.19550.2,3.206,0.18,0.0561,14/22,K.VTDAEIAEVLAR.W,1285.6878,10233700.0,gi|54036848|sp|P63284.1|CLPB_ECOLI,K,W,3,0,1,2,0,0,0,1,1,1,0,0,0,0,1,0,1,2,1,0,0,0,0,0,0,0,VTDAEIAEVLAR,12,852808.3333333334,0,VTDAELAEVLAR
6,20181214_378_etnp2017_100m_trap.18037.18037.3,3.005,0.327,0.00276,18/60,R.VIGQNEAVDAVSNAIR.R,1654.8638,972807.0,gi|54036848|sp|P63284.1|CLPB_ECOLI,R,R,3,0,1,1,0,1,0,2,0,0,0,2,0,1,3,1,0,3,0,0,0,0,0,0,0,0,VIGQNEAVDAVSNAIR,16,60800.4375,0,VLGQNEAVDAVSNALR
7,20181214_378_etnp2017_100m_trap.15280.15280.3,2.888,0.402,6.06e-05,15/72,R.LPQVEGTGGDVQPSQDLVR.V,1994.0069,3405100.0,gi|54036848|sp|P63284.1|CLPB_ECOLI,R,V,0,0,2,1,0,3,0,0,0,2,0,0,2,3,2,1,1,4,0,0,0,0,0,0,0,0,LPQVEGTGGDVQPSQDLVR,19,179215.7894736842,0,LPQVEGTGGDVQPSQDLVR
8,20181214_378_etnp2017_100m_trap.21473.21473.2,2.839,0.213,0.0438,15/24,K.AIDLIDEAASSIR.M,1372.7198,7486300.0,"gi|54036848|sp|P63284.1|CLPB_ECOLI,WP_023559773,WP_005010098,WP_041394500.1",K,M,3,0,2,1,0,0,0,3,1,1,1,0,0,0,1,2,0,0,0,0,0,0,0,0,0,0,AIDLIDEAASSIR,13,575869.2307692308,0,ALDLLDEAASSLR
9,20181214_378_etnp2017_100m_trap.03651.03651.3,2.816,0.384,3.47e-05,16/48,Y.TATQKTVDGPSAK.D,1302.6779,468374.0,"gi|1714598148|gb|QDX14967.1|,ETNP_120m_PROKKA_272547,ETNP_100m_PROKKA_52150,ETNP_120m_free_PROKKA_228667,ETNP_140m_PROKKA_156805,ETNP_160m_PROKKA_224876,ETNP_180m_PROKKA_112869,ETNP_300m_PROKKA_68488,WP_007278549,WP_006170879,ETNP14_120maa_PROKKA_87915,NP_85m_PROKKA_06963,NP_100m_PROKKA_05167,NP_125m_PROKKA_03136,NP_300m_PROKKA_04661,ACL73965.1",Y,D,2,0,2,0,0,1,0,0,2,0,0,0,1,1,0,1,3,1,0,1,0,0,0,0,0,0,TATQKTVDGPSAK,13,36028.769230769234,0,TATQKTVDGPSAK
10,20181214_378_etnp2017_100m_trap.13148.13148.2,2.798,0.369,0.000149,13/26,R.TTGIVLDSGDGVTH.V,1370.6678,374324.0,"gi|1694830452|gb|QDG02643.1|,gi|1682069196|gb|QDA77159.1|,gi|38372623|sp|P60010.1|ACT_YEAST,gi|1576969351|gb|RZR69077.1|,gi|1150567325|gb|AQU15095.1|,gi|89953743|gb|ABD83350.1|,ETNP_90m_PROKKA_119086,ETNP14_120maa_PROKKA_78369",R,V,0,0,2,0,0,3,1,1,0,1,0,0,0,0,1,1,3,3,0,0,0,0,0,0,0,0,TTGIVLDSGDGVTH,14,26737.428571428572,0,TTGLVLDSGDGVTH
11,20181214_378_etnp2017_100m_trap.12986.12986.2,2.736,0.405,0.000247,2020-12-24 00:00:00,R.ELAEDGYSGVEVR.V,1422.6627,266124.0,"XP_003057685,XP_003078664",R,V,1,0,1,3,0,2,0,0,0,1,0,0,0,0,2,1,0,3,0,1,0,0,0,0,0,0,ELAEDGYSGVEVR,13,20471.076923076922,0,ELAEDGYSGVEVR
12,20181214_378_etnp2017_100m_trap.14072.14072.2,2.618,0.371,0.000348,15/24,K.NNPVLIGEPGVGK.T,1292.7089,11805400.0,"gi|1576965934|gb|RZR65879.1|,ETNP_120m_PROKKA_23817,ETNP_120m_PROKKA_24142,ETNP_120m_PROKKA_24764,ETNP_120m_PROKKA_25334,ETNP_120m_PROKKA_51191,ETNP_120m_PROKKA_52533,ETNP_120m_PROKKA_54361,ETNP_120m_PROKKA_64019,ETNP_120m_PROKKA_74045,ETNP_120m_PROKKA_85906,ETNP_120m_PROKKA_91106,ETNP_120m_PROKKA_104659,ETNP_120m_PROKKA_113444,ETNP_120m_PROKKA_134200,ETNP_120m_PROKKA_157211,ETNP_120m_PROKKA_166916,ETNP_120m_PROKKA_209855,ETNP_120m_PROKKA_210131,ETNP_120m_PROKKA_216095,ETNP_120m_PROKKA_263827,ETNP_120m_PROKKA_292293,ETNP_120m_PROKKA_309849,ETNP_120m_PROKKA_317395,ETNP_120m_PROKKA_334811,ETNP_120m_PROKKA_342812,ETNP_100m_PROKKA_01132,ETNP_100m_PROKKA_04161,ETNP_100m_PROKKA_38079,ETNP_100m_PROKKA_48625,ETNP_100m_PROKKA_53211,ETNP_100m_PROKKA_58447,ETNP_100m_PROKKA_63533,ETNP_100m_PROKKA_69468,ETNP_100m_PROKKA_89327,ETNP_100m_PROKKA_96634,ETNP_100m_particle_PROKKA_11057,ETNP_100m_particle_PROKKA_69392,ETNP_100m_particle_PROKKA_106790,ETNP_100m_particle_PROKKA_111749,ETNP_110m_PROKKA_19945,ETNP_110m_PROKKA_24575,ETNP_110m_PROKKA_39212,ETNP_110m_PROKKA_48395,ETNP_120m_free_PROKKA_02420,ETNP_120m_free_PROKKA_09352,ETNP_120m_free_PROKKA_15387,ETNP_120m_free_PROKKA_72684,ETNP_120m_free_PROKKA_73610,ETNP_120m_free_PROKKA_208951,ETNP_120m_free_PROKKA_208952,ETNP_120m_free_PROKKA_237260,ETNP_120m_free_PROKKA_241839,ETNP_120m_free_PROKKA_246736,ETNP_120m_free_PROKKA_253675,ETNP_120m_free_PROKKA_295888,ETNP_120m_free_PROKKA_318151,ETNP_120m_free_PROKKA_318478,ETNP_120m_particle_PROKKA_69819,ETNP_120m_particle_PROKKA_123828,ETNP_120m_particle_PROKKA_202762,ETNP_120m_particle_PROKKA_206122,ETNP_120m_particle_PROKKA_207595,ETNP_120m_particle_PROKKA_230712,ETNP_120m_particle_PROKKA_236138,ETNP_140m_PROKKA_31538,ETNP_140m_PROKKA_37871,ETNP_140m_PROKKA_38655,ETNP_140m_PROKKA_83232,ETNP_140m_PROKKA_148487,ETNP_140m_PROKKA_149182,ETNP_140m_PROKKA_156833,ETNP_150m_particle_PROKKA_30684,ETNP_160m_PROKKA_07474,ETNP_160m_PROKKA_13595,ETNP_160m_PROKKA_40074,ETNP_160m_PROKKA_49477,ETNP_160m_PROKKA_62746,ETNP_160m_PROKKA_77101,ETNP_160m_PROKKA_86107,ETNP_160m_PROKKA_110393,ETNP_160m_PROKKA_112377,ETNP_160m_PROKKA_114508,ETNP_160m_PROKKA_156292,ETNP_160m_PROKKA_179213,ETNP_160m_PROKKA_194299,ETNP_160m_PROKKA_199595,ETNP_160m_PROKKA_202407,ETNP_160m_PROKKA_226338,ETNP_160m_PROKKA_227632,ETNP_180m_PROKKA_08156,ETNP_180m_PROKKA_20555,ETNP_180m_PROKKA_20934,ETNP_180m_PROKKA_33337,ETNP_180m_PROKKA_40026,ETNP_180m_PROKKA_44668,ETNP_180m_PROKKA_78814,ETNP_180m_PROKKA_85412,ETNP_180m_PROKKA_87355,ETNP_180m_PROKKA_141898,ETNP_180m_PROKKA_186513,ETNP_180m_PROKKA_228435,ETNP_300m_PROKKA_05606,ETNP_300m_PROKKA_08531,ETNP_300m_PROKKA_14107,ETNP_300m_PROKKA_33932,ETNP_300m_PROKKA_39647,ETNP_300m_PROKKA_59053,ETNP_300m_PROKKA_93343,ETNP_300m_PROKKA_119913,ETNP_300m_PROKKA_126690,ETNP_300m_PROKKA_132952,ETNP_300m_PROKKA_138070,ETNP_300m_PROKKA_159630,ETNP_60m_PROKKA_09847,ETNP_60m_PROKKA_15966,ETNP_60m_PROKKA_29929,ETNP_70m_PROKKA_43515,ETNP_70m_PROKKA_118946,ETNP_70m_PROKKA_122868,ETNP_70m_PROKKA_134639,ETNP_90m_PROKKA_38374,ETNP_90m_PROKKA_42689,ETNP_90m_PROKKA_107539,ETNP_90m_PROKKA_153842,ETNP_90m_PROKKA_156868,ETNP_90m_PROKKA_156941,ETNP_90m_PROKKA_167808,ETNP_90m_PROKKA_176837,ETNP_90m_PROKKA_195230,ETNP_90m_PROKKA_202193,gi|54036848|sp|P63284.1|CLPB_ECOLI,XP_003056873,XP_003079585,EJK75153,Fosmid_PROKKA_00160,Fosmid_PROKKA_04417,Fosmid_PROKKA_04586,CBE68133,BAL59480,KUK91024,KUK53663,WP_052545468,WP_052545030,WP_052198873,AKM80527,AKM80120,KKW03689,KKU19881,AGL61759,KHE90310,WP_015799284,WP_015799344,WP_015897493,WP_015897826,WP_001210050,WP_023559773,WP_040353138,WP_040367737,WP_013260433,WP_026852115,WP_011399627,WP_015443255,WP_015443461,WP_011784398,WP_011786805,WP_014707596,WP_014102964,WP_015350892,WP_015351111,WP_018048263,WP_005006103,WP_005007728,WP_005010098,WP_012561950,WP_011340039,WP_014438405,WP_012909787,WP_042850567,WP_038653496,WP_036910555,WP_036915637,WP_011129828,WP_011130433,WP_013963612,WP_025049506,WP_011127803,WP_011129199,WP_042503620,WP_038544339,WP_038545457,WP_006170858,WP_006171346,WP_006173228,WP_011311327,WP_053951796,WP_007232611,ETNP14_120maa_PROKKA_00920,ETNP14_120maa_PROKKA_01589,ETNP14_120maa_PROKKA_02224,ETNP14_120maa_PROKKA_06147,ETNP14_120maa_PROKKA_06289,ETNP14_120maa_PROKKA_08705,ETNP14_120maa_PROKKA_15715,ETNP14_120maa_PROKKA_15947,ETNP14_120maa_PROKKA_19189,ETNP14_120maa_PROKKA_24116,ETNP14_120maa_PROKKA_78129,ETNP14_68maa_PROKKA_00455,ETNP14_68maa_PROKKA_15942,ETNP14_68maa_PROKKA_21969,ETNP14_68maa_PROKKA_53867,ETNP14_68maa_PROKKA_66639,ETNP14_68maa_PROKKA_78679,ETNP14_68maa_PROKKA_100802,NP_85m_PROKKA_02855,NP_100m_PROKKA_00054,NP_100m_PROKKA_02753,NP_125m_PROKKA_03077,NP_125m_PROKKA_12001,NP_300m_PROKKA_00207,NP_300m_PROKKA_04466,NP_300m_PROKKA_04923,NP_300m_PROKKA_06052,NP_300m_PROKKA_09004,NP_300m_PROKKA_13486,NP_300m_PROKKA_13674,NP_300m_PROKKA_14074,NP_300m_PROKKA_18353,NP_300m_PROKKA_19250,NP_300m_PROKKA_59000,ABQ31025.1,ADI91587.1,WP_011587765.1,ACS36887.1,BAI70784.1,ABI78073.1,BAJ31886.1,BAJ29626.1,BAJ29220.1,BAE50364.1,ACA19411.1,ACB27391.1,ABA58839.1,EAQ03112.1,ABS63370.1,WP_011824074.1,WP_011132721.1,WP_011132214.1,WP_011376649.1,WP_011376136.1,CAI86014.1,ABE41314.1,ACJ00008.1,ABG30412.1,AAV96505.1,CAK23961.1,CAK23174.1,WP_011469025.1,WP_010204290.1,WP_010203998.1,WP_012184686.1,WP_012182355.1,WP_012180368.1,ABF62863.1,CAN98337.1,ABQ69477.1,ADH90010.1,ACL71908.1,Verrucomicrobia_HGEPPPGB_01890,WP_009773391.1,WP_009773213.1,ActinobacteriaREDSEAS09_EJKBNLBD_00950,ActinobacteriaREDSEAS14_EEFFFEGA_01239",K,T,0,0,0,1,0,3,0,1,2,1,0,2,2,0,0,0,1,2,0,0,0,0,0,0,0,0,NNPVLIGEPGVGK,13,908107.6923076923,0,NNPVLLGEPGVGK
13,20181214_378_etnp2017_100m_trap.14235.14235.2,2.595,0.282,0.011,13/24,K.NNPVLIGEPGVGK.T,1292.7089,25351600.0,"gi|1576965934|gb|RZR65879.1|,ETNP_120m_PROKKA_23817,ETNP_120m_PROKKA_24142,ETNP_120m_PROKKA_24764,ETNP_120m_PROKKA_25334,ETNP_120m_PROKKA_51191,ETNP_120m_PROKKA_52533,ETNP_120m_PROKKA_54361,ETNP_120m_PROKKA_64019,ETNP_120m_PROKKA_74045,ETNP_120m_PROKKA_85906,ETNP_120m_PROKKA_91106,ETNP_120m_PROKKA_104659,ETNP_120m_PROKKA_113444,ETNP_120m_PROKKA_134200,ETNP_120m_PROKKA_157211,ETNP_120m_PROKKA_166916,ETNP_120m_PROKKA_209855,ETNP_120m_PROKKA_210131,ETNP_120m_PROKKA_216095,ETNP_120m_PROKKA_263827,ETNP_120m_PROKKA_292293,ETNP_120m_PROKKA_309849,ETNP_120m_PROKKA_317395,ETNP_120m_PROKKA_334811,ETNP_120m_PROKKA_342812,ETNP_100m_PROKKA_01132,ETNP_100m_PROKKA_04161,ETNP_100m_PROKKA_38079,ETNP_100m_PROKKA_48625,ETNP_100m_PROKKA_53211,ETNP_100m_PROKKA_58447,ETNP_100m_PROKKA_63533,ETNP_100m_PROKKA_69468,ETNP_100m_PROKKA_89327,ETNP_100m_PROKKA_96634,ETNP_100m_particle_PROKKA_11057,ETNP_100m_particle_PROKKA_69392,ETNP_100m_particle_PROKKA_106790,ETNP_100m_particle_PROKKA_111749,ETNP_110m_PROKKA_19945,ETNP_110m_PROKKA_24575,ETNP_110m_PROKKA_39212,ETNP_110m_PROKKA_48395,ETNP_120m_free_PROKKA_02420,ETNP_120m_free_PROKKA_09352,ETNP_120m_free_PROKKA_15387,ETNP_120m_free_PROKKA_72684,ETNP_120m_free_PROKKA_73610,ETNP_120m_free_PROKKA_208951,ETNP_120m_free_PROKKA_208952,ETNP_120m_free_PROKKA_237260,ETNP_120m_free_PROKKA_241839,ETNP_120m_free_PROKKA_246736,ETNP_120m_free_PROKKA_253675,ETNP_120m_free_PROKKA_295888,ETNP_120m_free_PROKKA_318151,ETNP_120m_free_PROKKA_318478,ETNP_120m_particle_PROKKA_69819,ETNP_120m_particle_PROKKA_123828,ETNP_120m_particle_PROKKA_202762,ETNP_120m_particle_PROKKA_206122,ETNP_120m_particle_PROKKA_207595,ETNP_120m_particle_PROKKA_230712,ETNP_120m_particle_PROKKA_236138,ETNP_140m_PROKKA_31538,ETNP_140m_PROKKA_37871,ETNP_140m_PROKKA_38655,ETNP_140m_PROKKA_83232,ETNP_140m_PROKKA_148487,ETNP_140m_PROKKA_149182,ETNP_140m_PROKKA_156833,ETNP_150m_particle_PROKKA_30684,ETNP_160m_PROKKA_07474,ETNP_160m_PROKKA_13595,ETNP_160m_PROKKA_40074,ETNP_160m_PROKKA_49477,ETNP_160m_PROKKA_62746,ETNP_160m_PROKKA_77101,ETNP_160m_PROKKA_86107,ETNP_160m_PROKKA_110393,ETNP_160m_PROKKA_112377,ETNP_160m_PROKKA_114508,ETNP_160m_PROKKA_156292,ETNP_160m_PROKKA_179213,ETNP_160m_PROKKA_194299,ETNP_160m_PROKKA_199595,ETNP_160m_PROKKA_202407,ETNP_160m_PROKKA_226338,ETNP_160m_PROKKA_227632,ETNP_180m_PROKKA_08156,ETNP_180m_PROKKA_20555,ETNP_180m_PROKKA_20934,ETNP_180m_PROKKA_33337,ETNP_180m_PROKKA_40026,ETNP_180m_PROKKA_44668,ETNP_180m_PROKKA_78814,ETNP_180m_PROKKA_85412,ETNP_180m_PROKKA_87355,ETNP_180m_PROKKA_141898,ETNP_180m_PROKKA_186513,ETNP_180m_PROKKA_228435,ETNP_300m_PROKKA_05606,ETNP_300m_PROKKA_08531,ETNP_300m_PROKKA_14107,ETNP_300m_PROKKA_33932,ETNP_300m_PROKKA_39647,ETNP_300m_PROKKA_59053,ETNP_300m_PROKKA_93343,ETNP_300m_PROKKA_119913,ETNP_300m_PROKKA_126690,ETNP_300m_PROKKA_132952,ETNP_300m_PROKKA_138070,ETNP_300m_PROKKA_159630,ETNP_60m_PROKKA_09847,ETNP_60m_PROKKA_15966,ETNP_60m_PROKKA_29929,ETNP_70m_PROKKA_43515,ETNP_70m_PROKKA_118946,ETNP_70m_PROKKA_122868,ETNP_70m_PROKKA_134639,ETNP_90m_PROKKA_38374,ETNP_90m_PROKKA_42689,ETNP_90m_PROKKA_107539,ETNP_90m_PROKKA_153842,ETNP_90m_PROKKA_156868,ETNP_90m_PROKKA_156941,ETNP_90m_PROKKA_167808,ETNP_90m_PROKKA_176837,ETNP_90m_PROKKA_195230,ETNP_90m_PROKKA_202193,gi|54036848|sp|P63284.1|CLPB_ECOLI,XP_003056873,XP_003079585,EJK75153,Fosmid_PROKKA_00160,Fosmid_PROKKA_04417,Fosmid_PROKKA_04586,CBE68133,BAL59480,KUK91024,KUK53663,WP_052545468,WP_052545030,WP_052198873,AKM80527,AKM80120,KKW03689,KKU19881,AGL61759,KHE90310,WP_015799284,WP_015799344,WP_015897493,WP_015897826,WP_001210050,WP_023559773,WP_040353138,WP_040367737,WP_013260433,WP_026852115,WP_011399627,WP_015443255,WP_015443461,WP_011784398,WP_011786805,WP_014707596,WP_014102964,WP_015350892,WP_015351111,WP_018048263,WP_005006103,WP_005007728,WP_005010098,WP_012561950,WP_011340039,WP_014438405,WP_012909787,WP_042850567,WP_038653496,WP_036910555,WP_036915637,WP_011129828,WP_011130433,WP_013963612,WP_025049506,WP_011127803,WP_011129199,WP_042503620,WP_038544339,WP_038545457,WP_006170858,WP_006171346,WP_006173228,WP_011311327,WP_053951796,WP_007232611,ETNP14_120maa_PROKKA_00920,ETNP14_120maa_PROKKA_01589,ETNP14_120maa_PROKKA_02224,ETNP14_120maa_PROKKA_06147,ETNP14_120maa_PROKKA_06289,ETNP14_120maa_PROKKA_08705,ETNP14_120maa_PROKKA_15715,ETNP14_120maa_PROKKA_15947,ETNP14_120maa_PROKKA_19189,ETNP14_120maa_PROKKA_24116,ETNP14_120maa_PROKKA_78129,ETNP14_68maa_PROKKA_00455,ETNP14_68maa_PROKKA_15942,ETNP14_68maa_PROKKA_21969,ETNP14_68maa_PROKKA_53867,ETNP14_68maa_PROKKA_66639,ETNP14_68maa_PROKKA_78679,ETNP14_68maa_PROKKA_100802,NP_85m_PROKKA_02855,NP_100m_PROKKA_00054,NP_100m_PROKKA_02753,NP_125m_PROKKA_03077,NP_125m_PROKKA_12001,NP_300m_PROKKA_00207,NP_300m_PROKKA_04466,NP_300m_PROKKA_04923,NP_300m_PROKKA_06052,NP_300m_PROKKA_09004,NP_300m_PROKKA_13486,NP_300m_PROKKA_13674,NP_300m_PROKKA_14074,NP_300m_PROKKA_18353,NP_300m_PROKKA_19250,NP_300m_PROKKA_59000,ABQ31025.1,ADI91587.1,WP_011587765.1,ACS36887.1,BAI70784.1,ABI78073.1,BAJ31886.1,BAJ29626.1,BAJ29220.1,BAE50364.1,ACA19411.1,ACB27391.1,ABA58839.1,EAQ03112.1,ABS63370.1,WP_011824074.1,WP_011132721.1,WP_011132214.1,WP_011376649.1,WP_011376136.1,CAI86014.1,ABE41314.1,ACJ00008.1,ABG30412.1,AAV96505.1,CAK23961.1,CAK23174.1,WP_011469025.1,WP_010204290.1,WP_010203998.1,WP_012184686.1,WP_012182355.1,WP_012180368.1,ABF62863.1,CAN98337.1,ABQ69477.1,ADH90010.1,ACL71908.1,Verrucomicrobia_HGEPPPGB_01890,WP_009773391.1,WP_009773213.1,ActinobacteriaREDSEAS09_EJKBNLBD_00950,ActinobacteriaREDSEAS14_EEFFFEGA_01239",K,T,0,0,0,1,0,3,0,1,2,1,0,2,2,0,0,0,1,2,0,0,0,0,0,0,0,0,NNPVLIGEPGVGK,13,1950123.076923077,0,NNPVLLGEPGVGK
14,20181214_378_etnp2017_100m_trap.21495.21495.3,2.579,0.272,0.00234,13/48,K.AIDLIDEAASSIR.M,1372.7198,268163.0,"gi|54036848|sp|P63284.1|CLPB_ECOLI,WP_023559773,WP_005010098,WP_041394500.1",K,M,3,0,2,1,0,0,0,3,1,1,1,0,0,0,1,2,0,0,0,0,0,0,0,0,0,0,AIDLIDEAASSIR,13,20627.923076923078,0,ALDLLDEAASSLR
15,20181214_378_etnp2017_100m_trap.06313.06313.3,2.573,0.314,0.000771,16/44,K.DSYVGDEAQSKR.G,1353.6161,494987.0,"gi|1694830452|gb|QDG02643.1|,gi|1682069196|gb|QDA77159.1|,gi|38372623|sp|P60010.1|ACT_YEAST,gi|1576969351|gb|RZR69077.1|,gi|1150567325|gb|AQU15095.1|",K,G,1,0,2,1,0,2,0,0,2,0,0,0,0,1,1,2,0,1,0,1,0,0,0,0,0,0,DSYVGDEAQSKR,12,41248.916666666664,0,DSYVGDEAQSKR
16,20181214_378_etnp2017_100m_trap.12413.12413.2,2.568,0.305,0.0242,2020-12-18 00:00:00,R.TAGADLANHL.K,981.488,1622950.0,ETNP_70m_PROKKA_35814,R,K,3,0,1,0,0,1,1,0,1,2,0,1,0,0,1,0,1,0,0,0,0,0,0,0,0,0,TAGADLANHL,10,162295.0,0,TAGADLANHL
17,20181214_378_etnp2017_100m_trap.21358.21358.3,2.536,0.222,0.00464,13/48,K.AIDLIDEAASSIR.M,1372.7198,155671.0,"gi|54036848|sp|P63284.1|CLPB_ECOLI,WP_023559773,WP_005010098,WP_041394500.1",K,M,3,0,2,1,0,0,0,3,1,1,1,0,0,0,1,2,0,0,0,0,0,0,0,0,0,0,AIDLIDEAASSIR,13,11974.692307692309,0,ALDLLDEAASSLR
18,20181214_378_etnp2017_100m_trap.10237.10237.2,2.505,0.314,0.0279,2020-11-18 00:00:00,R.LPQVEGTGGD.V,971.456,1159590.0,gi|54036848|sp|P63284.1|CLPB_ECOLI,R,V,0,0,1,1,0,3,0,0,0,1,0,0,1,1,1,0,1,2,0,0,0,0,0,0,0,0,LPQVEGTGGD,10,115959.0,0,LPQVEGTGGD
19,20181214_378_etnp2017_100m_trap.13546.13546.2,2.465,0.382,0.000566,2020-12-24 00:00:00,V.QLVGDDLTVTNPK.R,1398.7355,594876.0,"ETNP_120m_PROKKA_188461,ETNP_110m_PROKKA_00766,ETNP_120m_free_PROKKA_224805,ETNP_120m_particle_PROKKA_227993,ETNP_140m_PROKKA_35138,ETNP_160m_PROKKA_197262,ETNP_180m_PROKKA_165718,ETNP14_120maa_PROKKA_104180,ETNP14_120maa_PROKKA_167483,ETNP14_120mab_PROKKA_146803,ETNP14_68mB_PROKKA_170417,NP_125m_PROKKA_19814",V,R,0,0,2,0,0,1,0,0,1,2,0,1,1,1,1,0,2,3,0,0,0,0,0,0,0,0,QLVGDDLTVTNPK,13,45759.692307692305,0,QLVGDDLTVTNPK
20,20181214_378_etnp2017_100m_trap.05386.05386.2,2.446,0.066,0.917,2020-11-14 00:00:00,S.SGDASLVK.L,775.4076,1651140.0,"ETNP14_120maa_PROKKA_194014,NP_85m_PROKKA_31093,NP_300m_PROKKA_52965",S,L,1,0,1,0,0,1,0,0,1,2,0,0,0,0,0,3,0,1,0,0,0,0,0,0,0,0,SGDASLVK,8,206392.5,0,SGDASLVK
